Education,Family,Income,Mortgage,Age,Securities Account,CreditCard,target
1,4,49,0,25,1,0,
1,3,34,0,45,1,0,
1,1,11,0,39,0,0,
2,1,100,0,35,0,0,
2,4,45,0,35,0,1,
2,4,29,155,37,0,0,
2,2,72,0,53,0,0,
3,1,22,0,50,0,1,
2,3,81,104,35,0,0,
3,1,180,0,34,0,0,
3,4,105,0,65,0,0,
2,3,45,0,29,0,0,
3,2,114,0,48,1,0,
2,4,40,0,59,0,0,
1,1,112,0,67,1,0,
3,1,22,0,60,0,1,
3,4,130,134,38,0,0,
1,4,81,0,42,0,0,
3,2,193,0,46,0,0,
2,1,21,0,55,1,1,
2,4,25,111,56,0,0,
3,3,63,0,57,0,0,
1,1,62,260,29,0,0,
1,2,43,163,44,1,0,
1,2,152,159,36,0,1,
1,3,29,97,43,0,0,
3,4,83,0,40,0,0,
1,1,158,0,46,0,1,
3,1,48,0,56,0,1,
2,1,119,0,38,0,1,
3,1,35,122,59,0,0,
2,1,29,0,40,0,0,
3,2,41,193,53,0,0,
3,3,18,0,30,0,0,
3,4,50,0,31,0,0,
1,3,81,0,48,0,0,
1,1,121,0,59,0,1,
3,1,71,198,51,0,0,
3,3,141,0,42,1,0,
3,4,80,285,38,0,0,
3,3,84,0,57,1,0,
1,3,60,0,34,0,0,
2,4,132,412,32,0,0,
1,1,45,0,39,0,0,
1,1,104,0,46,0,1,
1,4,52,0,57,0,1,
2,3,43,153,39,0,0,
3,4,194,211,37,1,1,
3,2,81,0,56,0,1,
1,1,49,0,40,0,1,
2,4,8,0,32,1,0,
1,1,131,0,61,0,0,
1,1,72,207,30,0,0,
3,3,190,240,50,0,0,
3,1,44,0,29,0,0,
1,2,139,0,41,0,0,
2,3,29,0,55,1,0,
3,2,131,0,56,0,0,
1,2,93,0,28,0,0,
1,2,188,455,31,0,0,
2,3,39,0,49,1,0,
1,1,125,112,47,1,0,
1,1,22,0,42,0,0,
2,4,32,0,42,0,0,
1,2,105,0,47,0,0,
1,1,131,0,59,0,1,
1,2,105,336,62,0,0,
3,4,45,132,53,1,0,
1,3,60,0,47,0,1,
1,4,20,0,53,0,0,
1,1,115,0,42,0,1,
2,4,69,0,53,0,0,
1,1,130,0,44,0,1,
3,1,85,0,41,0,1,
1,2,135,0,28,0,1,
2,4,135,0,31,0,1,
3,3,12,0,58,0,0,
2,3,29,0,46,0,0,
3,2,133,0,54,0,0,
1,2,19,118,50,0,0,
1,4,41,174,60,0,1,
2,3,40,0,47,0,0,
3,1,82,0,41,0,0,
2,1,50,0,33,0,0,
3,1,18,0,46,0,0,
3,4,109,0,27,0,0,
2,4,42,126,40,0,0,
1,3,78,0,48,0,0,
1,2,51,0,65,0,0,
3,4,113,0,25,0,1,
2,4,118,0,55,0,0,
3,4,29,0,35,0,0,
2,3,34,0,43,0,0,
3,2,64,236,60,1,0,
1,1,121,0,65,0,0,
3,4,48,0,38,0,0,
1,1,80,0,41,0,0,
1,1,161,0,54,0,0,
1,1,94,0,49,0,0,
3,3,15,0,66,0,0,
1,1,74,0,48,0,0,
2,3,30,0,61,0,0,
3,3,44,198,53,0,1,
2,2,22,0,43,0,0,
1,4,38,166,56,0,1,
2,3,35,0,24,1,0,
1,4,69,0,43,0,1,
1,1,43,136,42,0,0,
3,1,32,166,33,0,0,
1,1,49,0,43,0,0,
2,3,9,0,41,0,0,
2,4,45,0,62,0,0,
1,3,82,309,40,0,0,
1,2,92,103,58,0,0,
3,3,39,0,39,0,0,
2,3,81,0,65,0,0,
2,1,35,0,54,0,0,
3,2,61,193,58,0,0,
1,3,73,0,41,0,0,
1,1,112,366,32,0,0,
3,2,12,0,54,0,0,
3,3,38,0,52,0,0,
2,2,73,0,58,0,1,
2,1,84,0,37,1,0,
1,4,78,118,39,0,0,
1,3,80,0,60,0,0,
1,2,115,101,31,0,1,
2,1,82,251,34,0,0,
1,2,74,0,38,1,0,
3,3,70,0,41,0,1,
1,3,81,276,28,0,0,
2,4,149,0,58,0,1,
3,2,51,0,31,0,0,
2,3,39,0,30,0,0,
2,3,98,0,53,0,0,
1,4,45,0,58,0,1,
2,4,49,0,59,0,0,
1,2,128,0,49,0,0,
1,3,42,0,59,1,1,
3,1,18,0,59,0,0,
3,2,31,161,51,0,1,
1,3,58,149,35,0,1,
3,1,48,0,33,0,1,
1,4,54,0,25,0,1,
2,2,70,0,49,0,0,
1,1,124,0,59,0,1,
2,1,84,0,46,0,1,
3,4,83,188,50,0,0,
1,2,163,116,52,0,0,
2,3,42,0,48,0,0,
1,2,118,0,46,0,1,
3,3,132,0,26,0,1,
1,1,24,0,57,0,1,
1,2,22,0,60,1,1,
3,4,58,0,54,0,0,
1,4,60,0,24,0,0,
1,4,15,0,26,0,1,
1,4,83,0,41,0,1,
3,2,79,0,32,0,1,
2,4,41,0,61,1,0,
3,4,134,0,29,0,0,
1,2,80,0,61,0,0,
1,1,52,0,38,0,0,
1,4,70,0,28,0,0,
1,2,92,0,53,1,0,
1,1,43,0,27,0,0,
2,3,21,0,25,0,0,
3,3,23,0,33,0,1,
1,4,13,0,50,0,0,
3,4,112,0,27,0,1,
1,2,138,0,27,0,0,
1,3,11,0,52,1,0,
1,2,171,0,38,0,0,
1,4,42,0,58,0,1,
2,2,168,0,42,0,0,
2,4,85,0,45,1,0,
2,3,44,135,52,0,0,
2,4,65,244,29,0,0,
1,4,24,0,53,0,1,
1,1,11,0,62,0,0,
3,2,38,164,51,0,0,
2,4,10,81,36,0,0,
1,1,135,0,24,0,0,
1,3,148,0,29,0,0,
2,2,63,0,52,1,0,
3,1,115,0,39,0,0,
1,1,45,0,48,0,1,
3,3,159,315,46,0,0,
1,2,169,122,64,0,0,
1,2,112,0,55,0,0,
1,1,93,0,60,0,0,
3,1,29,140,51,0,0,
2,1,85,0,50,0,0,
1,4,21,0,48,0,1,
1,2,144,0,53,0,0,
1,4,13,95,34,1,0,
1,1,165,0,48,0,1,
1,4,9,89,55,0,0,
1,4,59,90,27,1,0,
3,1,158,0,36,0,1,
3,1,29,0,32,0,1,
3,2,20,0,35,0,1,
2,4,68,0,30,0,0,
1,4,65,0,58,0,0,
2,2,61,105,56,0,0,
2,4,91,100,38,0,1,
1,1,31,0,49,1,0,
2,4,71,0,34,0,0,
1,4,73,0,40,0,1,
1,4,172,282,64,0,1,
1,2,20,0,51,0,0,
1,1,55,0,44,0,0,
1,2,69,209,46,0,0,
1,1,155,0,57,0,0,
2,1,94,0,54,0,0,
1,2,92,249,38,0,1,
1,2,125,0,27,0,0,
1,3,74,0,39,0,0,
3,3,72,0,44,0,0,
3,1,61,0,56,0,1,
1,2,25,0,32,0,1,
2,2,83,0,45,0,0,
1,3,104,0,26,0,0,
3,3,41,0,55,0,0,
3,4,58,91,52,0,0,
3,1,93,0,39,0,1,
2,2,39,0,24,0,0,
1,2,148,0,47,0,1,
3,4,53,98,47,1,1,
1,2,71,145,48,0,1,
2,1,92,0,47,0,0,
3,4,61,0,35,0,0,
2,3,38,135,46,0,0,
1,4,58,0,62,0,0,
2,1,80,150,26,0,0,
3,4,71,0,38,0,0,
3,3,89,0,43,0,1,
3,1,83,0,62,0,0,
1,3,28,0,57,0,1,
2,4,52,0,28,0,0,
1,1,70,169,51,0,0,
3,1,71,0,48,0,1,
3,1,75,280,41,0,0,
3,3,170,99,65,0,0,
1,4,78,78,41,0,0,
2,2,25,0,35,0,0,
3,2,60,0,38,0,1,
2,4,120,111,53,1,0,
1,2,99,264,55,0,1,
3,3,55,113,26,0,1,
2,3,29,117,30,0,0,
2,2,170,325,54,0,0,
1,3,53,0,65,0,1,
1,1,138,0,47,0,0,
3,3,134,121,65,0,0,
3,2,42,138,66,0,1,
3,4,99,0,26,0,1,
1,3,18,0,66,0,1,
1,4,24,0,35,0,0,
1,1,55,77,56,0,0,
1,1,58,0,51,0,1,
3,2,111,251,42,0,0,
3,1,33,0,49,0,1,
2,4,74,112,27,0,1,
1,2,38,0,45,0,0,
3,4,23,98,49,1,0,
1,2,61,0,63,0,0,
1,1,81,138,47,0,0,
1,1,129,0,64,0,0,
3,1,33,0,43,0,0,
1,4,63,0,60,0,0,
2,4,70,0,40,0,0,
1,4,45,158,29,0,1,
3,3,65,0,41,0,0,
1,4,74,0,30,1,1,
3,4,50,0,49,1,0,
3,4,22,109,30,0,0,
3,4,30,0,29,0,0,
1,4,21,0,50,0,0,
1,2,155,0,39,0,0,
3,4,64,164,33,0,0,
3,4,65,0,57,0,1,
3,4,71,0,34,0,0,
2,3,40,0,61,1,0,
3,3,69,0,44,0,0,
2,3,69,0,40,0,0,
2,3,45,131,51,0,0,
2,3,62,0,37,0,1,
3,2,172,391,44,1,0,
2,3,24,0,42,0,1,
1,1,80,0,51,0,0,
2,3,8,88,43,0,0,
1,4,38,129,30,0,1,
3,4,93,0,45,0,0,
1,1,55,0,35,0,0,
3,2,64,0,60,0,1,
1,1,122,0,34,0,0,
3,3,70,0,55,0,0,
1,2,81,0,43,0,0,
3,1,159,0,41,0,0,
1,4,70,0,34,1,0,
1,2,150,196,65,0,0,
1,2,152,0,45,0,0,
1,4,195,617,49,0,0,
1,1,22,0,48,0,0,
1,1,22,123,60,0,0,
1,3,79,0,55,0,1,
3,1,33,0,42,0,0,
1,2,128,0,32,0,1,
1,1,91,0,62,1,0,
1,4,39,0,57,0,1,
1,1,121,167,52,0,0,
3,1,21,0,36,1,0,
1,3,41,0,34,0,1,
3,2,45,0,63,0,0,
3,3,51,0,24,0,0,
2,1,165,0,57,0,0,
2,2,119,0,40,0,0,
3,4,110,190,27,0,0,
2,3,20,0,65,0,1,
2,1,64,248,60,0,0,
2,3,101,82,44,0,0,
1,1,101,0,63,1,0,
1,1,99,0,59,0,0,
1,4,158,0,56,0,0,
2,1,89,0,54,0,1,
3,1,80,0,52,0,1,
1,2,114,402,58,0,0,
2,3,49,0,60,0,1,
1,1,191,0,28,0,0,
2,4,78,0,54,0,0,
1,3,28,0,32,0,0,
2,1,42,0,59,0,0,
1,1,140,0,63,0,0,
2,1,45,0,48,0,0,
1,2,122,360,56,0,1,
2,3,65,0,36,0,0,
3,1,68,0,57,0,0,
1,2,153,392,29,0,0,
2,4,89,0,39,0,0,
1,1,91,0,59,0,1,
2,4,55,185,31,0,0,
1,2,118,0,43,0,1,
3,1,22,103,35,0,0,
3,3,63,138,54,0,1,
2,4,12,78,51,1,0,
2,3,50,0,44,0,0,
3,2,43,0,25,1,1,
1,4,173,0,40,0,1,
1,2,60,132,26,0,0,
3,1,113,0,39,1,0,
2,4,155,0,28,0,0,
2,4,91,0,52,0,1,
2,4,55,0,53,0,0,
1,2,173,419,44,0,0,
3,3,71,0,43,0,1,
3,2,24,88,56,0,0,
2,1,42,81,38,0,0,
1,2,141,0,30,0,0,
3,1,32,0,32,0,0,
1,4,55,0,35,0,0,
1,2,153,0,43,0,0,
1,2,113,270,58,0,1,
2,2,30,0,25,0,0,
3,3,29,148,54,0,1,
2,1,174,466,57,0,0,
3,1,35,0,50,0,0,
2,2,98,175,32,0,0,
3,2,30,159,63,0,0,
1,2,58,0,31,0,1,
1,4,25,147,36,0,0,
1,4,19,0,58,0,0,
2,4,44,174,56,0,0,
1,4,20,111,49,0,1,
1,2,98,220,30,0,0,
1,3,90,0,33,0,0,
1,3,61,0,45,0,0,
2,4,40,0,30,0,0,
3,2,38,0,47,0,0,
2,2,28,0,25,0,0,
3,1,34,0,63,0,1,
3,2,73,0,55,0,1,
1,4,133,0,65,0,1,
1,1,53,0,44,0,0,
3,4,21,0,51,0,1,
1,3,40,0,35,0,0,
2,4,41,0,30,0,0,
2,4,82,0,31,0,0,
3,4,100,0,54,0,0,
1,1,155,0,45,0,1,
1,1,45,0,45,0,0,
3,3,9,0,58,0,1,
3,4,48,0,54,0,0,
3,4,18,109,53,1,1,
1,4,80,0,33,0,1,
1,2,64,0,60,0,0,
1,4,29,0,50,0,0,
2,3,48,0,26,0,0,
1,2,23,0,54,0,0,
1,4,84,0,28,0,1,
1,3,179,0,36,0,0,
2,4,30,112,29,0,1,
1,1,93,133,54,0,1,
2,2,39,0,55,0,0,
2,3,60,182,61,0,0,
1,1,133,290,36,1,1,
1,1,125,0,45,0,0,
3,1,58,0,64,0,0,
1,2,89,0,60,0,0,
2,1,82,125,49,0,0,
1,2,110,0,47,0,1,
3,4,54,0,60,1,0,
3,4,89,0,45,0,0,
1,3,42,0,32,0,0,
2,3,41,0,52,0,1,
2,4,38,124,35,0,0,
1,2,85,0,40,0,0,
2,4,83,0,53,0,0,
3,4,33,0,27,0,0,
1,4,50,0,58,0,1,
3,4,58,0,47,0,1,
2,4,115,0,28,0,0,
1,2,145,0,46,1,0,
1,2,161,0,43,0,0,
1,1,38,0,56,0,0,
1,4,28,0,28,0,0,
1,3,75,0,42,0,1,
1,3,35,116,32,0,1,
1,2,24,116,62,0,1,
2,4,78,0,37,0,0,
3,1,113,161,51,0,0,
1,3,75,224,39,0,0,
1,1,91,0,43,0,0,
1,4,31,141,52,0,1,
2,1,45,0,30,0,0,
1,3,80,0,52,0,0,
3,3,50,112,61,0,0,
2,4,31,0,36,1,0,
2,2,113,119,58,0,1,
1,4,29,0,47,0,0,
1,2,59,139,64,0,0,
2,1,43,0,52,1,0,
3,1,122,115,58,0,0,
1,1,29,0,48,0,0,
3,2,91,0,64,0,1,
3,3,65,0,58,0,0,
1,1,22,0,47,0,1,
3,1,71,0,49,0,0,
2,4,60,0,31,0,1,
3,3,60,0,61,0,0,
1,1,69,0,51,0,1,
3,2,48,89,28,0,0,
2,3,21,0,39,0,0,
2,4,53,0,54,1,0,
3,3,29,0,50,0,0,
2,4,60,0,30,0,0,
2,3,42,116,64,0,0,
3,3,69,0,29,0,0,
1,1,20,0,48,0,1,
1,2,200,458,35,0,0,
1,2,141,0,60,0,1,
1,2,81,0,55,1,0,
3,3,183,0,29,0,0,
2,2,149,0,48,1,0,
3,4,83,0,43,0,1,
2,1,35,172,66,0,0,
3,2,13,0,25,0,0,
1,1,39,0,45,0,1,
3,1,21,0,34,0,0,
3,2,10,0,48,0,1,
2,4,84,0,32,0,0,
1,4,30,161,50,0,1,
1,4,31,156,43,0,0,
2,1,182,547,64,0,0,
1,2,114,0,60,0,0,
2,3,152,0,43,0,0,
2,1,53,0,60,1,1,
2,4,24,78,64,0,0,
1,2,150,0,44,0,1,
1,2,132,470,60,0,1,
3,3,68,0,54,0,1,
1,1,53,0,33,0,1,
2,1,173,88,56,0,0,
2,3,30,0,29,0,0,
1,2,113,0,25,0,1,
2,1,15,0,60,0,0,
1,2,84,304,55,1,0,
2,4,88,0,39,0,1,
1,3,43,0,37,0,0,
3,2,43,0,53,0,1,
1,2,90,0,34,0,0,
1,4,34,104,42,1,0,
1,4,38,0,60,0,0,
1,1,173,0,50,0,1,
1,2,160,0,41,0,0,
2,4,44,0,25,0,1,
3,2,83,0,50,0,0,
3,4,94,0,48,0,0,
3,1,43,0,32,0,1,
2,3,42,0,50,0,0,
1,2,34,0,59,0,0,
2,3,39,0,50,0,0,
2,1,70,0,44,0,0,
3,4,39,185,31,0,1,
3,3,44,0,40,0,0,
2,3,69,0,36,0,0,
3,3,44,0,51,0,0,
3,3,32,0,64,0,0,
3,2,15,0,47,0,0,
1,2,118,112,52,0,0,
2,1,62,221,51,0,0,
2,4,82,0,31,0,0,
1,3,54,108,39,0,1,
3,1,48,0,30,0,0,
3,3,74,0,27,0,0,
3,1,113,211,41,0,1,
2,3,81,0,53,0,0,
2,3,43,169,54,0,0,
2,1,34,0,28,0,0,
3,1,48,105,34,0,0,
2,4,54,129,61,0,1,
2,4,75,0,48,0,0,
1,1,72,224,36,0,0,
1,4,39,0,56,0,0,
1,4,75,0,24,0,0,
1,2,79,179,64,0,0,
1,1,205,271,26,0,1,
1,2,65,89,33,0,0,
1,4,122,378,64,0,0,
2,1,82,0,39,0,0,
1,2,21,0,54,0,1,
3,4,50,0,32,1,1,
1,2,39,113,62,0,1,
1,1,101,0,27,0,0,
3,2,41,0,53,1,0,
1,1,132,0,51,0,0,
2,3,43,176,25,0,0,
3,1,131,0,44,0,0,
2,1,11,76,31,0,1,
3,1,21,117,57,0,0,
3,4,109,314,25,0,0,
1,2,141,0,30,0,0,
1,3,81,0,40,0,0,
1,3,54,90,63,0,1,
1,2,164,0,35,0,0,
1,4,28,87,43,0,0,
3,3,68,203,27,1,0,
3,3,44,180,44,1,1,
3,1,61,0,49,0,1,
2,3,35,0,61,0,1,
2,3,54,0,60,0,1,
1,1,14,0,59,0,1,
1,4,52,230,28,0,0,
1,2,101,0,52,0,0,
1,2,149,0,28,0,0,
1,4,35,137,34,0,1,
3,3,21,129,60,0,0,
1,2,118,0,39,0,1,
2,4,38,0,30,1,0,
1,4,24,138,49,0,0,
3,1,59,0,43,0,0,
3,4,41,0,63,0,0,
2,1,85,0,28,0,1,
1,4,12,0,51,0,0,
3,1,32,152,33,0,0,
1,3,79,0,55,0,0,
3,3,175,0,53,0,1,
1,3,28,0,34,0,0,
1,2,41,161,34,0,1,
1,3,70,185,40,0,0,
2,3,161,485,49,1,0,
2,4,53,0,35,0,0,
1,1,128,0,39,0,0,
2,3,50,0,55,0,1,
2,2,80,0,29,0,1,
2,1,93,0,54,0,0,
3,3,48,0,25,0,1,
1,2,149,0,52,0,0,
2,3,49,0,46,0,1,
2,1,88,0,57,0,0,
3,4,22,0,52,0,1,
1,4,55,0,28,0,1,
3,1,72,155,44,0,0,
2,2,38,0,24,0,0,
1,1,114,300,40,0,0,
3,4,83,0,34,0,0,
1,2,101,0,39,0,1,
1,1,94,272,50,0,0,
1,2,40,0,41,0,1,
1,1,128,0,31,0,0,
3,4,39,0,29,0,0,
1,1,51,0,30,0,0,
3,4,79,0,44,1,1,
2,4,48,0,33,0,0,
1,1,85,144,50,0,0,
1,1,41,94,42,0,0,
3,1,152,0,48,0,0,
1,2,125,0,24,1,1,
3,2,11,90,56,0,0,
1,2,103,0,28,0,1,
1,2,141,0,56,0,0,
1,1,38,0,58,0,1,
1,2,135,0,29,0,0,
2,2,28,89,63,0,0,
1,4,70,240,28,0,1,
1,1,41,0,57,0,1,
2,3,81,208,34,0,0,
3,1,170,0,28,0,0,
2,4,55,0,27,0,0,
3,4,24,0,37,0,0,
2,3,81,275,52,0,0,
1,4,32,83,49,0,0,
1,1,129,0,65,0,1,
1,1,108,0,60,1,0,
1,1,180,0,37,0,1,
1,2,139,0,63,0,0,
3,2,33,0,40,0,1,
3,4,74,0,46,0,0,
3,2,42,115,63,0,0,
3,1,73,0,57,0,0,
2,4,115,0,33,0,0,
2,2,114,0,41,0,0,
1,2,92,131,41,0,0,
3,1,34,78,44,0,0,
2,2,54,122,33,0,0,
3,2,64,211,52,0,0,
3,1,42,100,30,0,1,
1,3,70,0,45,0,0,
2,1,51,0,49,0,0,
1,4,71,218,45,0,1,
1,3,35,108,32,0,1,
2,3,40,0,45,0,0,
3,4,165,0,57,0,0,
3,1,18,0,61,0,1,
1,3,32,0,57,1,1,
1,3,35,169,60,0,0,
1,2,120,196,40,0,0,
3,4,31,0,53,0,0,
1,3,35,0,42,0,0,
3,2,32,0,62,0,1,
3,1,85,327,43,1,0,
1,2,139,0,35,0,0,
1,1,103,0,50,0,0,
1,2,152,0,45,0,0,
2,2,33,0,52,0,0,
2,4,84,322,35,0,0,
1,4,61,0,58,0,0,
1,4,64,123,62,1,1,
2,1,34,0,50,0,0,
3,4,82,0,25,0,0,
3,1,122,163,47,1,0,
1,3,58,131,28,0,0,
1,1,92,0,34,0,0,
2,2,78,205,49,0,1,
3,4,129,0,54,0,0,
3,2,13,0,50,0,0,
3,1,81,145,37,0,0,
3,1,23,0,38,0,0,
3,3,35,0,52,0,0,
2,4,79,0,63,0,1,
1,2,165,0,39,0,0,
1,2,52,0,63,0,0,
2,3,185,0,65,0,0,
2,3,49,0,46,0,0,
3,1,64,227,54,0,1,
3,4,61,0,54,1,0,
1,1,112,0,52,1,1,
3,3,72,190,63,1,0,
1,3,18,0,66,0,0,
2,4,41,0,56,0,0,
1,4,61,239,23,0,0,
2,1,105,282,65,1,0,
1,1,23,0,51,0,0,
3,1,22,85,34,0,0,
1,3,59,0,49,0,0,
2,1,33,160,29,0,0,
3,1,11,103,47,0,1,
1,2,204,0,46,0,0,
3,4,61,207,52,0,0,
2,3,103,364,55,0,0,
1,3,51,0,61,0,1,
3,1,164,0,34,0,0,
2,1,12,0,58,0,1,
2,1,82,0,40,0,0,
1,1,164,449,43,0,0,
2,2,48,0,35,0,0,
2,4,38,0,24,0,0,
2,2,65,0,48,0,0,
1,4,71,207,44,0,0,
1,1,18,0,54,1,0,
3,2,52,75,59,0,0,
2,3,48,113,45,0,1,
3,1,30,111,26,0,0,
3,2,40,107,40,0,0,
1,1,112,81,32,0,0,
1,1,115,0,29,0,0,
3,2,63,82,51,0,0,
3,1,85,0,42,0,0,
3,1,59,220,64,0,0,
3,1,68,91,44,0,0,
1,2,84,0,37,0,1,
3,3,62,0,44,0,1,
1,3,109,0,35,0,0,
1,2,141,92,41,0,0,
1,1,129,0,56,0,0,
2,3,30,0,62,0,0,
1,1,148,0,58,0,0,
2,3,25,0,47,0,1,
1,3,21,115,35,0,0,
1,4,72,0,29,0,0,
3,3,59,87,43,0,1,
2,3,83,187,62,1,0,
2,2,10,0,41,0,0,
2,3,84,0,34,0,0,
2,3,98,0,50,0,0,
1,1,32,0,47,1,1,
2,4,31,161,29,0,1,
1,3,94,0,59,0,1,
3,2,21,137,56,0,1,
1,3,110,0,61,1,0,
3,1,38,0,58,0,0,
3,1,39,0,49,0,0,
2,3,132,0,45,0,1,
1,4,61,0,50,0,0,
1,1,92,0,64,0,0,
1,2,119,0,39,0,0,
1,4,53,0,58,0,0,
2,3,18,0,62,0,0,
2,2,114,0,45,0,0,
3,1,90,0,58,0,1,
1,1,140,205,43,0,0,
1,2,90,0,28,0,1,
1,1,85,0,26,0,0,
1,1,80,0,49,0,0,
1,2,53,0,66,0,1,
2,4,49,0,33,0,0,
3,3,152,0,61,0,0,
2,2,138,0,64,0,0,
2,4,80,0,36,0,0,
2,2,82,0,49,0,0,
1,1,195,0,52,0,0,
3,1,22,0,61,0,0,
1,1,81,0,32,0,0,
1,4,40,0,61,1,1,
1,2,154,0,45,1,0,
2,3,49,0,30,0,1,
2,4,85,0,62,0,0,
2,3,21,0,57,1,0,
1,1,14,0,41,0,0,
2,4,60,0,58,0,1,
1,2,138,0,29,0,0,
3,1,98,355,53,0,0,
2,4,22,0,64,0,0,
2,1,49,0,49,0,1,
1,2,102,0,38,0,1,
2,4,45,0,56,0,1,
3,4,82,0,56,0,0,
2,3,81,0,52,1,0,
2,1,35,0,64,1,0,
2,2,59,0,53,0,0,
2,3,52,0,29,0,0,
1,3,84,166,48,0,0,
2,1,85,100,32,0,0,
1,1,65,0,54,0,1,
2,2,89,314,37,0,1,
1,4,109,0,47,0,0,
1,1,81,0,37,0,0,
3,1,38,108,64,0,0,
1,2,72,0,43,0,0,
2,4,78,119,33,1,0,
2,2,172,0,26,0,0,
1,3,71,106,42,1,0,
3,1,165,0,54,0,1,
1,2,120,0,41,0,1,
1,1,39,0,55,0,1,
2,3,23,0,65,0,1,
3,2,135,91,50,0,0,
1,2,12,76,55,0,1,
2,2,92,0,62,0,0,
3,2,192,0,53,0,0,
1,4,42,0,32,0,1,
3,3,158,0,56,0,0,
3,3,194,587,54,1,1,
1,2,160,0,44,1,0,
1,2,98,0,48,0,0,
1,2,164,0,46,0,1,
1,2,42,0,45,1,0,
3,3,202,0,45,0,0,
1,4,10,0,58,0,0,
2,4,31,0,29,0,0,
1,4,58,0,55,0,1,
2,4,65,0,55,0,0,
3,1,98,0,41,0,1,
1,2,150,0,24,0,0,
3,2,44,0,54,0,0,
3,2,15,0,57,0,1,
1,2,82,0,30,0,0,
3,3,61,0,42,0,0,
2,1,38,0,29,0,0,
3,4,39,0,29,0,0,
1,1,173,0,31,0,0,
1,4,8,0,47,0,0,
1,3,51,214,36,0,0,
3,4,62,82,52,0,0,
2,4,34,0,54,0,0,
2,3,132,307,55,0,0,
3,4,44,0,53,0,0,
1,1,162,0,52,0,0,
1,3,64,0,64,0,0,
3,1,111,0,54,0,1,
3,2,41,0,32,0,0,
3,4,52,0,63,0,0,
2,4,65,0,36,0,0,
2,1,130,0,50,0,0,
1,2,45,0,33,0,1,
2,1,35,118,62,0,0,
2,3,65,263,49,0,1,
1,2,38,91,41,0,0,
2,4,42,0,51,0,1,
3,4,45,0,56,0,0,
1,1,145,0,51,0,0,
3,4,33,0,39,0,0,
3,3,60,0,61,0,0,
1,1,45,0,35,0,1,
1,4,72,0,39,1,0,
2,3,34,0,37,0,0,
2,3,23,0,48,0,0,
3,2,45,88,63,0,1,
1,4,28,75,35,0,0,
2,4,81,0,55,0,0,
2,3,72,81,29,0,0,
3,4,49,0,61,0,0,
2,4,31,0,36,0,0,
3,3,63,0,61,0,0,
1,4,150,0,36,1,0,
1,2,142,193,58,0,1,
1,3,74,0,42,0,1,
2,1,24,81,30,0,0,
3,4,29,0,45,0,0,
1,4,79,0,39,0,0,
1,2,94,310,27,0,1,
1,1,121,0,57,1,0,
1,3,54,0,34,0,0,
1,3,73,0,64,0,0,
3,1,71,127,47,0,0,
2,3,29,0,44,0,1,
1,1,93,0,51,0,0,
3,1,73,252,40,0,0,
2,4,19,0,57,0,0,
1,2,58,0,33,1,1,
1,1,39,0,46,0,0,
2,2,23,0,41,1,0,
3,1,29,127,33,0,1,
1,1,155,0,27,0,0,
2,1,90,0,52,1,0,
1,2,113,77,59,0,0,
3,1,42,0,62,0,0,
1,4,30,0,49,0,1,
2,3,19,0,45,0,0,
2,3,124,170,63,0,0,
2,2,30,145,57,0,0,
3,1,28,124,60,1,0,
2,2,15,101,50,0,0,
3,1,70,265,54,0,0,
2,1,10,0,28,0,0,
3,3,22,139,60,0,1,
1,4,70,0,44,0,0,
1,1,61,0,61,0,0,
1,2,161,0,40,1,1,
1,2,29,0,54,0,1,
1,3,35,0,43,0,0,
2,4,48,0,54,0,0,
1,4,44,0,32,0,0,
1,3,88,134,24,0,0,
3,4,40,0,30,0,1,
2,4,21,123,61,0,0,
1,2,58,0,40,0,0,
2,4,59,0,35,0,0,
3,4,74,0,33,0,0,
2,4,84,0,63,0,0,
1,1,58,177,57,0,0,
1,2,154,0,44,0,0,
1,1,185,0,51,0,0,
1,1,78,305,51,0,0,
2,2,55,0,38,0,0,
2,4,30,0,31,0,0,
2,3,74,0,54,0,0,
1,2,118,0,41,0,0,
3,2,182,372,57,0,0,
3,2,82,0,24,0,1,
3,4,29,79,55,0,0,
1,4,120,301,32,0,1,
2,2,53,0,38,0,0,
1,3,43,0,58,0,1,
1,4,59,232,29,0,1,
3,4,84,289,43,1,1,
1,3,161,212,50,0,0,
2,4,21,137,62,0,1,
1,4,63,0,57,0,0,
2,3,172,0,30,0,1,
1,4,51,172,30,0,1,
1,4,24,0,57,0,0,
1,2,95,0,57,0,0,
1,1,59,250,43,0,0,
2,4,51,0,28,1,0,
1,1,28,84,46,0,1,
1,2,154,130,29,0,0,
3,2,15,115,64,0,1,
3,4,55,0,66,0,1,
1,1,149,305,23,0,1,
3,1,79,0,60,0,1,
3,4,68,0,47,0,0,
2,1,78,0,35,0,0,
2,2,34,0,57,1,0,
1,3,195,0,65,1,1,
1,1,184,303,53,0,0,
1,2,85,0,44,0,0,
1,2,200,0,45,0,1,
3,3,64,0,41,0,0,
2,1,88,0,51,1,1,
2,3,42,0,27,0,0,
1,3,91,126,31,0,1,
1,1,38,0,32,1,0,
2,1,28,0,55,0,0,
3,4,32,0,55,1,0,
3,1,31,0,42,0,1,
2,4,22,103,33,0,0,
2,3,95,138,65,0,1,
1,4,74,0,35,0,0,
2,1,22,91,55,0,1,
2,3,43,0,28,0,0,
3,1,43,0,27,0,0,
2,3,112,0,51,1,1,
2,2,9,0,50,0,0,
3,2,81,0,58,0,0,
1,1,131,256,46,0,1,
3,1,19,0,62,1,0,
2,3,62,0,38,1,0,
2,4,19,124,62,1,0,
1,2,8,0,56,0,1,
3,1,193,203,61,0,0,
1,4,129,140,38,0,0,
2,4,30,0,55,0,1,
2,4,80,0,30,0,0,
3,4,22,0,41,0,1,
2,1,33,0,57,0,0,
3,4,64,0,36,0,0,
3,3,60,84,55,0,0,
3,1,81,259,30,0,1,
2,3,45,204,40,0,0,
2,4,112,0,32,0,0,
3,2,83,0,59,0,0,
1,2,180,524,44,0,1,
2,4,28,0,51,1,0,
3,2,169,249,37,0,0,
1,4,14,0,59,0,0,
1,1,43,0,37,0,0,
1,2,88,0,56,0,0,
3,4,78,0,55,0,1,
2,1,68,163,49,0,0,
1,2,144,0,46,0,1,
1,4,30,163,35,0,0,
1,1,120,135,47,0,0,
2,2,24,0,39,0,0,
3,4,78,157,27,1,0,
2,2,135,0,62,0,0,
3,2,44,0,57,0,0,
2,4,73,0,55,0,0,
2,1,90,0,55,0,1,
3,3,58,0,41,0,0,
1,2,75,236,57,0,0,
3,3,174,231,43,0,1,
1,2,50,174,40,0,0,
3,1,85,287,43,0,0,
1,3,54,0,63,0,0,
1,2,83,0,63,0,0,
1,4,24,0,54,1,0,
2,4,45,205,54,0,0,
3,1,68,0,52,0,1,
3,4,48,0,50,0,1,
3,1,114,0,38,0,1,
2,3,142,0,36,0,1,
2,3,52,0,58,0,1,
1,2,142,0,46,0,0,
3,1,15,0,50,0,0,
1,1,118,159,46,0,1,
1,4,101,0,53,0,0,
1,2,84,0,62,0,0,
2,1,32,100,63,0,0,
3,3,64,247,42,0,0,
1,4,81,0,34,0,0,
3,4,28,0,40,0,1,
1,1,93,0,34,0,0,
2,1,185,0,41,0,0,
2,1,42,0,32,0,0,
3,2,45,0,28,0,1,
2,2,49,214,33,0,0,
1,3,69,0,46,0,0,
2,1,94,333,52,0,0,
2,1,18,0,60,0,1,
1,4,8,91,59,1,0,
1,4,55,108,57,0,0,
3,2,85,0,46,0,0,
1,4,62,229,25,0,0,
3,4,65,0,53,0,0,
1,2,138,0,38,1,0,
1,1,103,0,63,0,0,
3,3,99,357,44,0,0,
1,1,152,0,50,0,0,
3,2,25,140,28,0,0,
1,2,98,361,27,1,1,
2,2,39,166,52,0,0,
2,1,40,0,50,0,1,
1,3,58,169,39,0,0,
3,2,192,301,50,0,1,
2,1,62,0,60,0,0,
2,1,69,0,30,1,0,
3,4,40,170,31,0,0,
3,2,61,127,39,0,0,
2,4,30,157,29,0,0,
2,1,29,97,54,0,0,
2,2,41,0,35,0,1,
2,1,118,0,27,0,0,
1,1,109,366,45,0,0,
2,4,122,0,58,0,0,
1,3,50,169,62,0,0,
2,3,43,0,28,0,0,
1,1,108,0,32,1,0,
3,4,110,0,29,0,0,
3,1,20,0,41,0,0,
3,4,112,0,61,0,1,
2,1,25,136,56,0,0,
2,3,42,0,37,0,1,
1,2,29,0,60,0,0,
1,3,84,134,49,1,0,
3,4,81,0,43,1,0,
1,4,55,119,53,0,1,
2,1,40,0,35,1,0,
2,4,145,0,56,0,1,
3,2,175,0,41,0,0,
3,4,78,163,36,0,0,
1,4,51,0,56,0,0,
3,4,50,0,64,0,0,
1,3,21,0,51,0,0,
2,1,79,83,49,0,1,
3,1,84,0,43,0,0,
2,4,34,0,51,0,0,
2,4,73,0,55,0,0,
1,3,90,0,62,0,0,
3,4,23,0,35,0,0,
3,2,145,294,53,0,1,
1,4,54,141,33,1,0,
2,3,49,103,43,0,1,
2,1,51,0,58,0,0,
2,4,8,0,63,0,0,
1,1,62,0,31,1,0,
3,1,25,0,36,0,0,
3,2,63,0,30,0,0,
3,2,24,86,59,0,0,
2,1,11,0,28,0,1,
1,1,23,0,59,0,1,
3,1,33,0,47,0,0,
1,1,83,97,47,0,0,
1,3,39,131,56,0,1,
2,3,138,0,41,0,0,
1,3,113,0,25,0,1,
3,4,125,0,30,0,0,
1,1,195,0,50,0,0,
3,3,105,0,34,1,0,
1,2,75,0,44,0,0,
2,2,40,0,36,0,0,
3,3,61,137,39,0,0,
3,2,75,0,54,0,0,
1,1,122,0,33,0,1,
1,3,75,0,39,0,1,
3,4,59,0,41,0,0,
2,3,24,0,40,0,0,
3,3,175,329,29,0,0,
1,2,39,182,51,0,1,
1,2,145,0,54,1,0,
2,4,24,142,47,0,0,
2,3,20,0,53,0,0,
2,1,85,0,30,0,0,
3,3,65,0,28,1,0,
3,4,191,0,60,0,0,
1,2,11,0,51,1,0,
3,2,40,167,63,0,0,
2,3,54,196,38,0,0,
1,1,95,0,59,0,1,
2,4,94,0,53,0,0,
2,4,79,0,31,0,0,
3,3,48,0,41,0,1,
1,4,70,0,25,1,0,
2,3,40,111,27,0,0,
1,4,44,0,50,0,1,
3,1,43,137,50,0,0,
3,1,29,0,43,0,0,
1,3,188,184,50,0,1,
1,1,114,0,46,0,1,
2,3,52,0,30,0,0,
1,1,13,0,42,0,0,
3,3,95,0,42,0,0,
3,1,84,0,29,0,0,
1,1,49,0,38,0,0,
1,1,181,0,51,0,1,
2,1,182,229,35,0,1,
1,2,70,0,37,0,0,
1,3,79,185,47,0,1,
2,4,61,0,55,0,1,
1,2,121,0,65,0,0,
1,3,34,83,58,0,0,
1,1,183,442,54,0,0,
3,1,51,0,52,1,1,
3,3,70,0,28,0,1,
1,1,39,0,32,0,1,
2,3,84,0,51,0,0,
1,1,122,0,43,0,1,
1,1,145,132,42,0,1,
1,2,98,0,42,0,1,
3,1,79,233,41,0,0,
3,2,38,0,34,0,1,
2,3,49,196,30,0,1,
1,1,38,0,32,0,0,
3,4,91,0,46,0,0,
1,4,29,0,38,0,1,
1,2,172,0,37,0,0,
1,2,104,0,32,0,1,
1,1,58,0,35,0,1,
2,2,171,0,30,0,0,
1,3,73,0,30,0,1,
1,1,191,0,58,0,0,
3,2,90,0,57,0,0,
1,3,55,0,34,1,1,
2,1,28,0,31,0,0,
3,1,42,0,39,0,0,
2,1,9,91,57,1,0,
2,1,65,0,47,1,0,
3,4,134,0,51,1,0,
1,4,83,0,30,1,0,
2,3,38,0,55,0,0,
1,4,13,0,32,0,1,
3,3,143,0,32,0,0,
1,4,75,0,44,0,0,
3,1,120,0,33,0,0,
2,1,91,0,49,0,0,
3,2,99,0,32,0,1,
1,1,71,78,31,1,0,
2,1,111,0,37,0,0,
1,1,108,0,41,0,0,
1,1,158,0,56,0,0,
1,3,81,0,55,0,0,
3,2,12,0,49,1,0,
1,2,21,0,63,0,0,
1,4,55,215,55,0,1,
3,1,42,0,59,0,0,
1,2,81,0,41,0,1,
1,4,13,87,49,0,0,
1,1,132,157,48,0,0,
3,1,99,0,41,0,0,
1,4,23,0,50,0,1,
2,1,40,0,28,1,0,
1,3,181,0,36,0,0,
1,2,112,394,38,0,0,
1,2,138,227,34,0,0,
2,3,94,327,41,1,0,
1,1,113,0,43,0,0,
2,4,112,0,30,0,1,
1,2,190,475,37,0,0,
3,1,38,0,62,0,0,
3,1,32,158,40,0,0,
2,3,104,0,35,0,1,
2,1,43,0,64,0,0,
2,3,45,0,49,1,0,
2,2,35,0,24,0,0,
2,4,42,0,36,0,1,
2,1,58,0,29,0,1,
1,4,103,0,29,0,0,
2,1,71,149,28,1,0,
2,1,14,98,33,0,0,
3,3,98,0,36,1,1,
2,1,90,0,42,0,1,
1,4,65,0,25,1,0,
1,4,19,0,28,0,1,
2,3,35,0,50,0,1,
1,4,71,0,34,0,0,
1,3,31,0,43,0,0,
2,4,43,0,62,0,0,
2,1,24,87,61,1,0,
3,2,58,0,45,1,1,
1,2,115,0,42,0,0,
1,2,168,152,39,1,0,
1,1,128,0,29,0,1,
1,1,138,0,45,0,1,
2,3,81,0,58,0,1,
3,4,41,0,29,0,0,
2,2,123,0,32,0,0,
1,2,71,94,37,0,0,
3,1,8,0,48,0,1,
1,2,42,101,40,0,0,
1,2,62,184,29,0,0,
1,4,22,91,36,1,0,
2,4,38,0,35,0,0,
2,4,24,0,35,0,0,
1,3,50,0,62,0,0,
2,4,190,197,26,0,0,
1,2,94,0,32,0,0,
3,4,165,0,63,0,0,
2,4,43,0,38,0,1,
2,1,48,0,50,0,1,
2,3,52,228,46,0,1,
1,4,84,0,50,0,0,
1,1,131,0,61,0,0,
1,4,44,0,34,0,0,
1,4,78,87,27,0,0,
2,4,15,0,61,0,0,
3,4,38,144,45,0,1,
3,1,84,0,50,1,0,
1,1,122,0,44,0,0,
1,2,98,0,62,0,0,
2,3,80,0,45,0,0,
1,2,165,0,41,0,0,
1,2,121,0,30,0,1,
2,3,20,94,61,0,0,
1,1,11,91,45,0,0,
3,1,45,0,59,0,0,
2,2,118,0,30,0,0,
1,2,14,109,60,0,1,
2,3,30,0,39,0,0,
1,1,45,98,56,0,0,
1,3,80,0,56,0,0,
2,4,25,0,27,0,1,
1,1,144,0,66,1,1,
3,4,84,297,43,0,0,
1,2,22,0,53,0,0,
1,3,33,0,44,0,1,
3,4,60,0,54,0,0,
2,4,81,116,31,0,0,
3,1,169,0,38,0,1,
3,2,63,0,28,0,0,
3,2,12,109,51,0,1,
1,4,15,101,52,0,0,
3,1,39,0,64,1,1,
2,4,44,0,29,0,0,
1,1,110,0,34,0,0,
2,3,130,99,33,0,1,
3,1,41,128,46,0,0,
3,1,59,241,48,0,0,
1,2,39,0,52,0,0,
2,4,35,0,44,0,0,
2,1,80,0,51,0,1,
2,1,81,0,47,0,0,
3,2,31,0,39,0,0,
3,4,93,0,42,0,0,
1,4,45,204,57,0,0,
3,2,40,0,36,0,1,
3,2,80,185,27,0,1,
3,1,20,0,31,0,0,
3,1,41,0,63,0,1,
1,1,31,104,34,0,1,
2,4,35,0,52,0,0,
3,3,40,137,57,0,1,
3,1,84,0,63,0,0,
3,2,53,0,26,0,0,
3,4,85,0,35,0,0,
1,2,138,0,58,0,0,
3,2,71,108,32,0,0,
3,1,113,0,64,0,1,
2,2,23,0,50,1,0,
1,3,62,0,34,0,0,
3,4,14,100,36,0,1,
3,2,60,0,43,0,1,
1,3,94,236,28,0,0,
2,3,83,0,64,0,0,
3,3,130,437,60,0,1,
1,4,61,0,62,0,0,
1,2,92,178,27,0,0,
3,2,20,117,42,0,1,
1,2,194,428,45,0,0,
1,1,74,0,36,0,1,
3,2,84,145,48,0,0,
2,3,98,333,65,0,0,
1,3,52,0,39,0,0,
2,1,55,236,51,0,1,
1,4,64,117,30,0,0,
1,1,128,162,65,0,0,
2,4,113,0,38,0,1,
2,3,50,0,29,0,1,
2,4,54,0,42,0,0,
1,1,129,366,63,0,0,
1,4,82,0,46,0,0,
2,4,100,0,62,0,0,
1,4,44,0,58,1,0,
2,4,164,234,56,0,1,
1,2,81,121,56,0,1,
1,1,71,257,34,0,1,
3,1,28,90,42,0,0,
1,3,80,219,30,0,0,
2,4,90,0,61,0,0,
2,1,74,0,38,0,1,
3,2,14,0,50,1,0,
2,2,23,103,61,0,0,
1,1,153,337,41,0,1,
3,3,38,0,42,0,0,
2,2,112,382,29,1,0,
1,1,145,397,51,0,1,
2,2,28,88,32,0,0,
3,4,31,0,34,0,1,
1,1,195,0,26,0,1,
3,3,50,0,54,0,1,
3,4,71,0,38,0,0,
3,3,21,0,62,0,0,
3,2,35,125,37,0,0,
1,1,42,0,46,0,1,
3,4,78,141,52,0,0,
2,4,73,0,32,0,0,
3,2,53,181,49,0,0,
3,2,51,123,28,0,0,
3,2,40,0,55,0,0,
1,1,178,0,52,0,0,
1,2,35,0,32,0,1,
2,1,192,0,31,0,0,
1,1,123,0,27,0,0,
2,2,48,0,32,1,1,
2,3,45,0,52,0,0,
1,1,15,0,52,0,0,
1,1,79,120,50,0,0,
2,4,63,0,32,1,0,
3,2,30,0,61,0,0,
1,4,145,380,60,0,1,
2,3,32,0,28,0,0,
1,2,64,224,34,0,1,
1,1,84,0,31,0,0,
2,1,21,0,31,0,0,
2,4,99,0,62,0,0,
1,2,35,0,47,0,0,
1,1,180,0,50,0,1,
1,1,42,0,36,0,0,
2,4,179,0,26,0,0,
3,4,42,0,51,0,0,
2,2,180,297,52,0,0,
1,4,82,0,35,0,0,
1,2,55,149,42,0,0,
1,2,79,0,36,0,0,
3,2,48,215,41,0,1,
1,1,93,0,49,1,0,
3,2,23,0,57,0,0,
1,3,50,200,44,0,0,
1,2,85,0,60,0,0,
2,1,35,97,38,0,0,
2,3,171,0,26,0,0,
2,4,29,0,29,0,1,
3,1,84,0,59,0,1,
2,4,20,0,51,0,0,
3,1,14,0,50,0,1,
1,1,179,357,35,0,0,
1,1,48,158,61,0,0,
1,1,74,0,42,0,0,
1,1,53,0,55,0,0,
2,1,83,0,50,0,1,
1,2,171,433,64,0,0,
1,4,85,0,54,0,0,
2,4,38,0,50,0,0,
1,3,85,157,31,0,1,
1,1,79,0,32,0,0,
1,4,69,0,44,0,0,
3,3,43,0,60,0,1,
1,2,33,101,60,0,0,
3,3,42,149,62,0,1,
3,4,40,122,46,0,0,
3,1,43,0,57,0,0,
3,4,20,117,30,0,0,
1,3,65,222,58,0,0,
1,3,139,483,39,0,0,
3,3,135,0,60,0,0,
3,3,84,0,59,0,0,
3,1,179,0,50,0,1,
2,4,45,86,63,0,0,
1,2,109,0,27,0,0,
3,4,34,0,54,0,0,
1,1,162,0,62,0,0,
1,2,105,0,60,0,0,
2,3,22,0,38,0,0,
1,2,82,178,34,0,1,
2,4,105,230,65,1,0,
3,1,62,0,55,0,0,
1,2,82,83,57,0,1,
1,4,72,0,27,0,0,
1,4,38,0,35,0,1,
1,4,25,0,52,0,0,
3,1,20,0,45,0,0,
2,4,80,0,29,0,1,
1,3,84,0,44,0,0,
1,1,33,0,47,0,1,
3,3,55,0,62,0,0,
2,2,33,0,52,0,1,
3,4,190,305,47,0,0,
3,1,43,158,42,0,0,
3,3,45,0,65,0,0,
1,1,141,0,42,0,0,
1,4,69,0,40,0,0,
2,4,78,0,32,0,0,
3,1,84,0,40,0,0,
2,1,172,0,55,0,0,
1,4,51,154,32,1,1,
3,1,75,0,58,0,0,
2,1,183,0,46,0,1,
3,4,20,0,53,0,1,
3,2,101,294,63,0,0,
3,1,129,0,40,0,0,
1,2,63,0,41,0,0,
1,4,44,0,60,0,0,
3,1,184,176,65,0,1,
1,2,100,127,59,0,0,
1,3,12,0,48,0,0,
3,2,68,128,59,1,0,
1,1,48,212,33,0,0,
1,2,82,0,40,0,0,
1,2,52,0,42,0,0,
2,2,154,0,65,1,1,
1,1,39,0,30,0,1,
1,1,40,0,30,0,1,
3,4,54,164,42,0,0,
2,2,32,103,32,0,1,
3,2,64,0,55,0,0,
1,2,92,287,29,0,0,
3,1,40,94,64,0,1,
3,3,60,0,37,0,0,
1,2,85,119,31,0,1,
1,4,21,90,25,0,0,
3,1,35,171,31,0,0,
1,2,52,0,32,0,0,
1,1,128,0,58,0,0,
1,1,195,0,26,0,0,
2,2,68,117,51,0,1,
1,2,55,0,65,0,0,
1,1,55,0,43,0,0,
1,4,80,0,46,0,1,
1,1,123,146,28,0,0,
2,4,90,106,63,1,0,
3,1,61,0,59,0,0,
2,3,41,0,42,0,0,
3,2,43,0,58,0,0,
1,3,71,162,39,1,0,
1,4,25,0,36,0,0,
2,1,154,0,60,1,0,
1,1,141,0,47,0,0,
3,2,22,110,29,0,0,
1,2,145,0,52,0,0,
3,3,49,0,41,0,0,
1,1,109,0,63,0,0,
1,3,80,0,59,0,1,
2,4,82,201,44,0,1,
1,4,52,0,54,0,0,
1,3,85,0,29,0,1,
1,1,148,0,51,0,0,
1,2,160,0,63,0,1,
1,4,39,0,36,0,0,
3,2,25,0,42,0,1,
3,1,33,0,51,0,1,
2,3,38,0,47,0,0,
3,4,85,0,40,0,1,
1,1,48,0,54,0,0,
3,4,15,77,47,0,0,
1,1,94,174,35,0,0,
1,2,120,0,28,0,0,
3,1,60,159,45,0,0,
1,2,145,277,33,0,1,
3,2,29,0,62,0,0,
2,3,78,0,45,0,0,
2,4,59,0,59,0,0,
3,2,80,0,58,0,1,
1,1,180,0,52,0,1,
2,3,8,83,34,0,0,
3,1,23,0,65,0,0,
3,2,79,0,48,0,0,
3,2,78,268,44,0,0,
2,1,64,0,61,0,1,
3,4,64,0,40,0,1,
1,4,160,237,65,0,0,
3,1,43,102,28,0,0,
3,1,32,0,67,0,1,
1,2,179,76,35,1,0,
1,1,8,0,60,0,0,
1,1,63,0,58,1,0,
3,2,40,0,55,1,0,
2,4,99,155,34,0,0,
2,2,141,0,35,0,0,
1,1,159,0,28,0,1,
1,2,39,174,38,0,0,
2,4,99,0,62,0,0,
2,4,18,0,30,0,1,
1,2,38,0,38,0,1,
1,1,133,0,33,0,0,
1,2,84,0,58,0,1,
2,1,60,0,59,0,1,
3,3,178,147,52,0,0,
3,1,18,0,36,0,1,
3,1,73,0,45,0,0,
1,1,125,0,49,0,0,
2,1,91,0,52,0,1,
1,2,74,0,54,0,0,
2,2,35,0,30,1,1,
1,1,113,0,65,0,1,
2,4,52,0,34,0,0,
2,2,191,0,30,0,0,
3,1,18,93,51,0,1,
1,2,25,0,52,0,1,
3,4,50,0,43,0,0,
3,4,75,0,35,0,1,
3,2,92,0,56,1,1,
2,2,33,0,57,0,0,
3,3,65,0,58,0,0,
1,3,44,0,53,0,0,
1,2,183,354,45,0,0,
1,2,175,0,44,0,1,
3,4,28,0,54,0,1,
2,4,49,0,41,0,0,
1,4,45,0,52,0,0,
3,4,64,221,43,0,0,
3,3,22,90,63,0,0,
1,1,120,119,54,0,1,
1,2,175,102,33,0,0,
3,4,101,256,25,0,1,
3,1,104,0,41,0,0,
3,4,155,0,40,0,1,
1,1,58,0,43,0,0,
2,4,80,0,36,0,0,
3,1,45,195,57,0,0,
1,1,134,164,34,1,0,
3,4,58,153,38,1,0,
1,1,20,0,47,0,1,
3,4,25,0,39,0,0,
1,1,55,0,45,0,1,
1,1,155,0,62,0,0,
1,1,30,0,59,0,1,
1,4,39,0,61,0,1,
3,4,73,188,36,0,0,
1,4,41,0,58,0,0,
3,4,34,157,55,0,0,
3,3,21,119,29,0,0,
1,4,11,0,34,1,1,
1,2,154,0,61,0,0,
3,4,19,0,50,0,0,
2,2,101,0,52,0,0,
1,1,24,116,39,0,1,
1,2,131,0,55,1,0,
1,1,105,0,33,0,0,
2,1,52,194,47,0,0,
2,4,21,113,57,1,0,
1,3,45,198,57,0,0,
1,1,39,0,40,0,0,
1,2,192,238,50,0,1,
1,1,195,0,29,0,0,
1,3,83,0,46,0,0,
2,3,34,0,42,1,0,
2,4,49,104,59,0,0,
3,4,60,244,31,0,0,
1,4,41,0,51,0,0,
1,3,72,285,35,0,0,
2,4,102,115,59,0,0,
1,3,31,0,35,0,0,
2,1,73,128,46,0,0,
1,1,89,0,34,0,0,
3,4,19,121,55,1,1,
2,4,63,0,64,0,0,
3,3,104,0,34,0,0,
2,1,40,128,61,0,0,
3,2,92,0,63,0,0,
2,2,72,226,59,0,0,
2,3,44,141,51,0,0,
1,4,114,0,41,0,1,
1,4,73,0,37,0,0,
2,4,63,0,64,1,1,
3,1,69,184,44,0,1,
1,3,42,0,62,0,0,
1,1,88,0,50,0,0,
1,2,98,0,43,0,0,
1,1,65,227,34,0,0,
2,2,12,104,38,1,0,
1,4,122,0,29,0,1,
3,2,12,0,39,0,0,
1,2,24,0,53,0,1,
1,4,170,318,43,0,1,
2,4,184,342,61,0,1,
3,4,25,125,46,0,0,
1,2,131,0,57,0,0,
3,2,50,0,59,0,1,
1,2,21,0,52,1,0,
2,3,55,0,29,0,0,
2,1,124,0,57,0,0,
1,4,58,188,49,0,0,
1,2,72,0,39,0,0,
3,1,192,0,56,0,0,
2,3,83,0,63,0,0,
1,1,93,0,37,1,0,
3,3,38,110,56,1,0,
3,4,55,164,45,1,0,
3,3,11,0,66,1,1,
1,2,85,0,40,1,0,
1,1,124,266,50,0,0,
1,2,129,0,60,0,0,
1,1,180,0,31,0,0,
2,4,74,0,40,0,0,
3,1,138,86,36,0,0,
3,2,111,0,55,0,1,
1,3,83,0,54,0,0,
1,4,33,87,35,0,0,
3,4,21,0,55,0,0,
1,2,35,98,36,0,0,
3,1,105,0,66,1,1,
2,1,103,0,38,0,1,
3,2,75,0,58,0,0,
1,1,33,104,41,0,0,
2,4,52,0,60,1,0,
2,1,89,0,47,1,1,
3,1,63,0,62,0,0,
2,4,84,0,48,1,0,
1,4,44,0,61,0,0,
1,3,29,0,29,0,1,
3,1,29,0,45,0,0,
2,2,22,0,39,0,0,
1,4,53,114,31,0,0,
2,2,24,0,39,0,0,
1,1,153,455,63,0,0,
2,2,31,0,28,1,0,
2,2,21,0,56,0,0,
1,2,180,0,31,0,0,
2,3,82,0,46,0,1,
1,4,90,245,42,1,0,
3,4,154,0,53,0,0,
2,2,99,0,41,0,1,
2,1,153,0,61,1,1,
2,2,93,0,31,0,0,
2,1,53,0,62,0,0,
2,3,18,104,59,0,1,
1,1,70,0,49,0,0,
3,4,100,0,65,0,1,
3,3,193,0,30,0,0,
1,1,125,0,32,0,1,
3,2,68,0,56,1,0,
1,1,55,95,36,0,0,
3,4,152,0,58,0,0,
1,3,84,0,27,0,1,
3,2,13,0,41,0,0,
1,4,33,131,59,0,1,
2,4,89,90,56,1,0,
1,1,93,0,52,0,0,
3,4,68,0,35,0,0,
2,2,85,0,47,0,1,
2,1,73,0,29,0,0,
2,4,83,106,31,0,0,
3,2,158,0,62,0,0,
3,4,182,0,48,0,0,
3,2,24,123,26,0,1,
1,2,102,0,60,0,1,
1,3,53,0,35,0,0,
1,2,175,0,40,0,0,
1,3,28,0,31,0,0,
1,4,14,0,50,0,0,
3,1,139,106,33,0,1,
1,3,34,0,37,0,0,
3,1,64,0,38,0,1,
2,4,84,0,63,0,0,
2,3,42,0,57,1,0,
1,1,63,0,61,0,0,
3,3,100,341,37,0,1,
2,2,190,0,51,0,0,
1,1,22,91,44,0,0,
2,1,20,0,63,1,1,
2,2,21,0,43,0,1,
2,4,25,101,38,0,0,
3,4,20,0,34,0,0,
1,3,173,0,48,0,1,
1,2,81,0,29,0,1,
2,2,139,421,37,0,0,
1,2,119,0,60,1,0,
3,4,74,104,46,0,0,
2,1,42,131,34,0,0,
1,2,73,0,56,0,0,
1,4,114,0,57,1,0,
3,2,44,0,62,0,0,
1,2,141,0,32,0,0,
1,2,14,103,51,0,0,
3,2,33,0,55,0,0,
1,2,83,249,60,0,0,
1,4,89,155,40,0,0,
1,4,39,0,62,1,0,
3,3,83,0,63,0,1,
1,2,108,359,60,0,0,
2,3,21,0,59,0,1,
1,1,102,0,26,0,0,
3,1,48,0,56,0,1,
1,3,32,0,58,0,0,
1,1,43,0,57,0,0,
2,4,35,118,48,0,0,
1,1,184,0,30,0,0,
1,2,140,132,45,0,0,
2,3,32,0,64,0,1,
1,1,149,0,44,0,0,
3,4,15,0,51,0,1,
2,3,71,0,43,0,0,
2,4,108,0,29,0,0,
1,2,122,0,56,0,1,
3,3,40,0,65,0,0,
1,2,198,0,46,0,1,
2,4,79,0,48,1,1,
3,1,84,0,56,0,0,
2,3,31,0,61,0,1,
3,4,12,0,46,0,1,
1,2,88,0,58,0,1,
2,2,29,131,31,0,1,
1,1,201,158,27,0,0,
3,1,20,0,44,0,0,
1,1,15,0,44,0,0,
1,2,155,107,51,0,1,
2,3,25,0,39,0,0,
1,2,200,565,32,0,0,
2,1,101,233,33,0,0,
2,4,19,0,40,0,1,
1,2,188,0,36,0,1,
1,1,8,0,52,0,0,
3,2,59,152,54,0,0,
1,4,72,0,26,1,0,
3,1,55,0,39,0,0,
2,3,24,0,46,0,0,
1,1,19,0,57,0,0,
3,2,71,150,59,0,1,
2,2,54,0,52,0,1,
3,1,28,0,52,0,0,
3,4,25,0,50,0,0,
3,2,51,0,41,0,1,
1,3,125,0,43,0,0,
2,2,88,319,25,0,1,
1,2,125,0,40,0,0,
3,4,79,182,35,0,0,
2,3,31,0,60,0,1,
1,2,131,394,57,0,1,
2,1,70,230,44,1,0,
3,3,38,82,61,0,1,
1,1,83,0,33,1,1,
1,1,59,0,45,1,0,
1,1,121,0,45,0,0,
3,2,42,137,64,0,0,
1,4,32,109,50,0,0,
1,4,29,135,28,0,0,
2,2,40,0,37,1,1,
3,3,25,0,62,0,1,
2,4,21,89,29,0,1,
2,3,79,151,49,0,0,
3,2,52,221,46,0,0,
2,4,61,229,60,0,0,
1,2,25,0,55,0,0,
3,1,155,0,33,0,0,
1,2,25,0,53,0,0,
1,4,80,0,50,0,0,
2,4,55,0,28,0,1,
3,2,23,0,42,0,0,
1,1,60,0,33,0,1,
1,2,54,0,40,0,0,
1,4,44,0,31,0,0,
2,4,33,0,41,0,0,
2,2,45,121,52,0,1,
3,4,55,89,65,0,1,
1,1,134,0,48,0,1,
2,3,44,0,45,0,0,
1,2,149,154,26,0,0,
3,2,22,0,64,1,0,
2,3,74,0,41,0,0,
1,4,128,84,43,0,0,
1,4,62,0,60,0,0,
1,1,9,94,62,0,0,
3,2,9,0,46,0,0,
2,2,15,119,36,0,0,
1,4,28,0,31,0,0,
3,3,83,0,43,0,1,
3,1,73,117,46,0,0,
2,4,42,151,50,0,0,
2,2,34,114,52,0,1,
2,3,32,0,27,0,0,
1,1,68,0,34,0,0,
1,1,82,267,49,0,0,
2,2,19,0,52,0,1,
1,2,60,181,37,0,1,
1,1,192,601,53,0,0,
1,3,119,0,54,1,0,
1,2,190,0,29,0,0,
2,1,34,0,35,0,0,
1,4,44,0,32,1,1,
3,4,23,0,38,0,0,
1,4,171,567,44,0,1,
3,1,43,0,44,1,1,
1,1,139,0,48,0,1,
1,1,118,0,46,0,1,
3,3,113,0,35,0,0,
3,3,98,0,56,0,0,
1,1,70,0,49,0,1,
3,2,42,0,57,0,0,
1,1,143,0,35,0,1,
1,3,185,0,44,0,0,
2,4,28,100,38,0,0,
1,3,45,181,57,1,1,
2,1,78,0,35,0,0,
1,2,121,0,29,0,0,
1,1,59,0,58,0,0,
1,4,64,0,40,1,0,
1,2,15,114,51,0,0,
1,1,10,0,61,0,0,
3,2,61,0,46,0,0,
1,4,50,0,55,0,0,
3,4,79,0,35,1,0,
1,1,35,0,60,0,0,
3,4,11,0,28,0,0,
1,1,128,0,43,0,0,
3,3,55,0,61,0,1,
2,3,79,0,48,0,0,
1,2,18,0,65,1,1,
2,2,91,0,45,1,0,
3,4,9,0,36,0,1,
3,2,62,0,45,0,0,
1,1,59,231,60,0,0,
1,1,25,148,47,0,0,
1,4,54,0,32,1,0,
2,1,112,86,48,1,0,
1,1,125,0,33,0,1,
2,4,194,0,49,0,1,
3,1,161,0,56,1,0,
1,1,35,171,59,0,0,
1,2,113,352,56,0,1,
2,2,25,0,30,0,0,
3,3,45,0,59,0,0,
1,2,119,221,38,0,0,
2,4,30,115,47,0,1,
2,4,79,0,54,1,0,
3,1,178,0,34,0,0,
2,2,23,118,41,0,0,
1,2,171,284,47,0,1,
3,4,74,0,44,0,0,
1,3,103,180,43,0,1,
1,1,99,0,31,0,0,
3,4,43,0,28,0,1,
3,4,23,88,55,0,0,
2,1,91,199,42,0,1,
2,1,93,256,53,0,0,
1,1,154,0,30,0,0,
3,3,21,0,65,0,1,
3,2,65,0,43,0,0,
2,1,15,0,56,0,0,
3,3,52,159,25,0,0,
1,3,30,0,35,1,1,
2,1,42,0,50,0,0,
1,4,20,97,36,0,0,
2,4,60,0,34,0,1,
3,4,54,167,32,0,0,
1,4,60,97,51,0,0,
2,3,41,0,52,0,0,
2,3,30,0,65,0,1,
2,2,21,0,51,0,0,
2,1,105,0,37,0,1,
1,3,65,240,35,0,0,
1,2,20,80,67,0,0,
1,3,179,142,30,0,0,
1,1,161,0,62,1,1,
3,1,82,0,42,0,0,
2,1,43,112,48,0,0,
1,2,61,0,61,0,0,
3,4,90,0,36,1,0,
2,1,90,334,48,0,0,
1,2,21,0,65,0,0,
1,1,118,0,25,0,1,
2,2,44,0,55,0,0,
3,1,110,0,63,0,0,
2,4,99,268,31,0,0,
1,3,98,0,43,0,0,
2,3,69,80,28,0,0,
2,3,82,218,37,0,1,
1,3,112,389,27,1,0,
1,1,123,0,62,0,0,
2,1,78,0,51,0,0,
1,3,59,159,56,1,0,
2,3,78,0,56,0,0,
3,4,49,89,44,0,0,
2,3,82,0,46,0,0,
1,3,125,342,56,0,1,
1,1,185,0,56,0,0,
1,1,163,0,57,0,0,
3,4,19,104,31,0,1,
2,4,115,0,65,0,0,
2,2,81,0,31,0,1,
3,1,93,0,36,0,0,
1,4,111,372,56,1,0,
1,1,184,0,52,0,0,
2,4,50,0,42,0,0,
1,3,55,0,55,0,1,
3,1,13,101,49,1,0,
1,4,29,0,51,0,1,
1,4,72,0,26,0,0,
2,1,83,0,32,1,1,
3,1,98,0,54,0,0,
1,4,43,0,50,0,0,
1,1,34,0,59,0,0,
2,4,10,0,61,0,0,
1,2,201,0,43,1,0,
3,3,85,107,39,0,1,
3,3,50,0,56,0,0,
1,2,91,0,38,0,0,
1,2,112,241,25,0,0,
1,2,98,275,42,0,0,
1,1,115,0,42,0,0,
2,4,22,112,50,0,0,
2,3,101,0,56,0,1,
3,2,83,112,43,0,0,
2,3,52,0,60,0,0,
2,3,191,0,42,1,0,
1,4,134,198,57,0,0,
2,1,54,186,48,0,0,
1,3,69,0,37,1,0,
3,3,64,0,57,0,0,
3,4,53,142,62,0,0,
3,2,118,246,39,0,1,
2,2,19,120,38,0,1,
3,2,31,0,54,0,0,
3,1,63,245,45,0,1,
3,1,25,0,39,0,0,
1,1,22,0,45,0,0,
3,1,78,0,62,0,0,
1,1,81,218,43,0,0,
2,1,41,0,30,0,0,
1,3,62,0,35,0,0,
3,1,35,0,58,0,0,
3,1,30,0,44,0,0,
2,3,51,0,56,0,0,
1,2,140,0,28,0,0,
1,3,73,185,64,0,0,
2,4,40,0,63,0,0,
3,1,69,0,44,0,1,
3,1,191,0,34,0,1,
2,3,82,0,50,0,0,
3,1,181,589,51,1,0,
3,1,38,0,30,0,0,
1,2,23,0,55,0,0,
3,1,55,0,57,0,0,
1,2,58,0,43,0,0,
2,2,29,0,61,0,0,
1,4,39,0,49,0,0,
2,3,39,83,52,0,1,
1,3,30,151,57,1,0,
3,4,58,0,53,0,1,
3,1,62,231,52,0,0,
1,4,62,86,39,0,0,
3,1,19,0,58,0,0,
2,1,38,0,36,0,0,
3,4,84,0,45,0,1,
2,1,78,0,30,0,0,
1,4,22,83,49,0,0,
3,4,81,277,44,0,0,
2,3,32,0,43,0,0,
1,4,89,184,42,0,0,
1,2,121,0,29,0,0,
1,1,42,0,28,0,1,
1,1,130,0,50,0,0,
2,4,30,0,44,0,0,
1,1,114,0,52,0,0,
1,1,155,0,28,0,0,
1,2,50,0,62,0,1,
2,1,34,111,34,0,1,
3,3,94,0,45,0,0,
2,2,114,0,52,0,0,
3,3,89,108,43,0,1,
3,1,49,0,54,0,0,
1,1,115,0,64,0,1,
1,1,148,397,27,0,1,
2,4,72,203,42,0,1,
3,4,114,0,28,0,0,
1,2,11,78,47,0,0,
3,4,63,242,39,0,0,
1,2,113,0,29,0,1,
1,2,80,0,39,0,0,
3,3,54,0,41,0,1,
3,2,32,0,37,1,0,
1,1,11,0,41,0,0,
1,1,141,0,45,0,0,
2,3,84,0,52,0,0,
2,3,18,110,58,0,0,
1,2,20,0,31,0,0,
2,4,55,175,26,0,0,
2,4,31,79,31,0,0,
1,2,114,0,42,0,0,
2,3,52,0,56,1,1,
1,1,18,120,52,0,0,
3,1,55,0,59,1,0,
3,1,29,76,32,0,1,
1,3,30,0,46,0,0,
1,2,38,0,52,0,1,
1,2,122,0,30,0,0,
1,1,183,0,32,0,0,
2,1,41,0,35,0,0,
3,1,38,0,49,0,0,
3,1,61,0,54,0,0,
3,3,103,0,56,0,0,
2,2,80,0,48,0,0,
2,1,22,0,28,0,0,
2,2,128,0,44,0,1,
1,3,142,359,30,0,0,
1,1,124,0,44,0,1,
3,1,44,143,30,0,0,
2,2,170,0,47,0,1,
2,4,75,0,64,0,1,
2,3,78,0,48,0,1,
3,1,31,125,63,0,0,
1,1,99,323,25,0,0,
1,2,41,0,61,0,0,
2,4,39,0,46,0,0,
1,1,51,0,57,0,1,
3,3,52,113,40,0,0,
3,3,169,167,49,0,1,
1,1,141,0,30,0,0,
1,4,93,218,41,0,0,
2,3,14,0,42,1,0,
1,2,160,0,63,0,1,
1,1,44,0,43,1,0,
1,3,33,0,59,1,0,
3,4,103,0,46,0,0,
3,4,71,236,33,0,0,
1,1,55,151,55,0,0,
1,4,113,0,36,0,0,
2,3,79,185,47,1,0,
2,2,80,0,59,0,0,
1,2,179,380,38,0,0,
3,2,9,0,42,0,0,
2,4,61,0,30,0,0,
1,2,111,207,63,1,1,
1,3,80,0,60,0,0,
1,3,32,0,62,1,1,
1,1,83,0,49,0,1,
2,4,91,329,59,0,0,
1,4,29,0,36,0,1,
2,3,19,0,46,0,0,
2,2,52,0,35,0,1,
1,1,150,0,50,0,1,
3,2,32,0,51,0,0,
3,3,91,0,41,0,0,
2,3,180,535,45,0,0,
1,1,121,0,41,0,0,
3,2,25,0,57,0,1,
1,1,102,0,51,0,0,
2,4,44,107,52,0,0,
2,3,161,0,43,0,1,
2,3,134,0,63,0,1,
2,1,43,0,28,0,1,
2,4,94,0,43,0,0,
3,2,29,98,41,0,0,
1,4,38,0,34,0,0,
1,1,120,170,28,0,0,
1,2,85,161,58,1,1,
1,2,89,0,39,0,0,
3,1,25,0,49,0,0,
1,3,20,83,33,0,1,
1,2,125,0,37,0,1,
3,1,18,0,33,0,0,
1,2,173,222,28,0,0,
3,4,34,0,54,0,1,
2,4,159,111,63,0,0,
1,3,55,219,57,0,1,
3,2,32,0,56,0,0,
3,4,65,0,54,0,1,
1,3,83,0,29,0,1,
2,2,30,0,41,0,1,
1,1,180,0,58,0,1,
3,2,13,0,61,0,0,
1,4,35,0,30,0,1,
1,3,95,0,62,0,0,
1,1,83,0,52,0,0,
1,4,39,137,29,0,1,
3,1,54,154,46,0,1,
3,1,81,293,52,0,1,
3,4,53,0,40,0,0,
1,1,119,398,49,0,0,
3,4,160,0,34,0,1,
2,2,21,0,35,0,0,
3,1,40,0,26,0,0,
2,4,69,0,65,0,0,
2,1,45,0,52,0,0,
2,4,55,0,32,0,0,
3,1,38,0,31,0,0,
2,4,44,101,36,1,0,
2,3,45,117,50,0,0,
2,1,84,0,36,0,1,
2,2,188,343,51,0,0,
3,3,29,151,39,1,0,
2,1,95,0,53,0,0,
1,1,79,307,50,0,1,
2,1,41,0,31,1,0,
3,4,19,84,53,0,0,
3,4,75,0,48,0,1,
1,3,64,208,57,0,1,
3,4,174,0,47,0,0,
3,2,54,93,55,0,0,
2,3,14,113,37,0,0,
1,1,94,272,59,0,0,
1,2,10,0,53,0,0,
1,1,145,84,31,0,0,
3,1,203,0,35,0,0,
3,2,81,0,25,0,1,
1,2,153,0,37,0,1,
3,4,58,0,40,0,0,
3,4,49,0,31,0,1,
1,1,132,0,62,0,0,
3,4,85,229,41,0,0,
1,3,85,0,56,1,0,
3,1,178,0,47,0,0,
1,3,104,0,28,0,0,
1,1,40,0,60,0,0,
1,1,103,120,27,0,0,
1,2,25,0,57,0,0,
3,2,69,0,62,0,0,
1,3,30,0,57,0,0,
2,3,70,0,44,0,0,
3,3,15,0,31,0,0,
1,2,125,0,31,0,1,
3,3,50,0,39,0,0,
3,1,44,0,41,0,0,
2,4,38,180,41,0,1,
1,3,64,119,55,0,1,
2,1,9,0,28,0,0,
1,3,44,89,35,0,0,
1,4,93,101,44,0,0,
1,4,83,141,44,0,0,
1,2,179,0,40,0,0,
3,1,40,0,65,0,0,
3,4,58,232,35,0,0,
1,3,74,0,55,0,1,
1,1,15,0,55,0,0,
1,2,11,0,59,0,1,
2,1,41,176,39,0,0,
2,1,68,120,50,0,1,
3,1,28,0,45,1,0,
3,1,115,0,50,0,1,
2,4,83,247,65,0,0,
2,2,40,166,36,1,0,
3,1,113,0,57,0,0,
3,1,89,0,53,1,0,
1,4,38,0,28,0,0,
1,4,62,0,55,0,0,
1,3,65,109,56,0,0,
2,3,168,0,33,1,0,
1,3,40,0,57,0,1,
3,1,30,80,27,0,0,
1,4,20,0,27,0,0,
3,2,58,0,54,0,0,
1,1,150,193,48,0,0,
1,1,54,0,62,1,1,
2,2,19,105,41,0,0,
3,3,30,128,62,0,0,
1,1,123,0,40,0,0,
2,1,45,0,32,0,0,
1,1,154,0,62,0,0,
1,2,93,0,35,0,1,
1,4,71,78,25,1,0,
1,4,83,0,50,0,1,
3,1,99,255,61,0,1,
2,3,55,0,43,0,0,
2,4,38,95,52,0,1,
2,3,74,155,39,0,0,
3,4,69,0,33,0,0,
1,2,104,184,27,1,0,
3,4,38,154,27,0,0,
3,3,25,0,32,0,1,
1,1,162,0,65,0,0,
3,4,64,0,55,0,0,
2,2,30,0,52,0,1,
3,3,52,0,39,1,1,
3,1,42,0,35,0,0,
2,2,79,219,39,0,0,
1,1,34,164,34,0,0,
1,2,123,0,30,0,0,
1,2,160,0,37,0,0,
2,3,51,0,41,0,0,
1,1,108,0,31,0,0,
2,2,158,0,37,0,1,
2,1,68,0,49,0,0,
3,2,42,0,58,0,0,
3,1,32,105,45,0,0,
3,2,22,0,40,0,0,
3,2,29,0,34,0,1,
3,2,183,0,62,0,0,
3,1,69,0,54,0,1,
1,2,92,0,26,0,0,
3,2,40,0,54,0,0,
3,4,9,86,29,0,1,
1,1,128,0,48,0,1,
1,2,110,294,27,1,1,
1,2,171,0,42,0,0,
1,4,13,95,25,0,1,
3,2,25,102,45,0,0,
2,1,123,0,34,0,0,
1,4,33,83,51,0,0,
2,4,189,0,51,0,0,
3,1,34,0,60,0,0,
2,1,58,0,59,0,0,
2,1,51,98,49,0,1,
1,2,29,0,50,0,0,
1,2,111,0,41,0,0,
3,4,43,0,49,0,0,
1,1,130,311,50,0,0,
1,2,20,76,63,0,0,
1,2,101,0,63,0,0,
2,4,48,207,33,0,0,
3,1,180,158,38,0,0,
3,2,92,185,64,1,0,
1,3,33,0,36,0,0,
2,2,51,0,58,0,0,
2,2,31,94,39,0,1,
1,1,83,0,46,0,0,
1,1,45,0,61,0,0,
3,1,89,146,53,0,1,
2,3,193,0,28,0,0,
1,1,89,0,64,0,0,
2,4,162,446,48,0,0,
2,2,9,0,38,0,0,
3,4,58,223,52,0,0,
3,1,80,0,65,0,0,
3,2,73,0,59,0,1,
1,1,41,0,45,0,0,
2,3,74,0,53,1,0,
3,2,29,0,38,0,0,
3,4,25,115,54,0,0,
1,1,98,0,25,0,0,
2,4,59,0,61,0,1,
3,4,43,0,48,0,0,
2,4,72,149,46,0,1,
3,1,183,0,36,0,1,
1,1,134,146,46,1,0,
1,2,140,262,59,0,0,
3,1,39,0,59,0,0,
2,4,35,0,36,0,0,
1,2,141,0,63,0,1,
2,1,23,0,51,0,0,
1,1,134,0,30,0,1,
3,1,35,0,48,0,0,
1,4,42,0,55,1,0,
3,4,81,167,41,1,0,
1,4,14,94,26,0,0,
1,1,45,172,41,1,0,
2,3,79,150,54,0,1,
2,1,53,120,57,0,0,
2,2,33,0,54,0,1,
2,3,190,266,35,0,0,
3,1,60,103,60,0,0,
2,1,8,97,63,0,0,
2,3,38,150,41,0,0,
1,1,154,0,46,0,0,
2,4,54,0,31,0,0,
1,3,41,0,58,0,0,
1,2,25,75,59,0,0,
1,2,53,109,46,0,0,
1,1,79,0,33,0,0,
2,4,13,76,56,0,1,
1,2,130,0,47,0,0,
2,2,93,0,59,0,0,
1,3,82,0,24,0,0,
2,2,15,92,39,0,0,
2,4,150,0,30,0,0,
2,2,131,0,55,0,1,
1,3,28,0,47,0,0,
2,4,9,0,35,0,0,
2,4,88,0,47,0,0,
1,1,143,0,38,0,0,
3,2,168,0,38,0,0,
2,1,105,0,27,1,0,
3,3,62,0,42,0,0,
1,4,51,0,26,0,0,
1,3,101,0,60,0,1,
1,3,90,0,27,0,0,
3,4,83,0,27,0,1,
3,2,21,0,40,0,0,
1,1,115,0,40,0,0,
1,4,172,0,29,0,0,
2,2,32,0,30,0,0,
1,2,204,0,30,0,0,
1,4,34,0,47,0,1,
3,2,30,132,33,0,0,
2,3,31,0,57,0,1,
1,2,90,0,38,0,1,
3,4,79,0,54,0,0,
1,4,22,0,47,0,1,
3,1,114,0,48,0,0,
3,1,42,128,62,0,0,
3,1,29,90,30,0,0,
2,3,72,0,35,0,0,
3,1,68,95,59,0,0,
3,4,78,0,38,0,0,
1,1,90,323,47,0,0,
2,2,170,0,57,0,0,
2,2,14,0,42,0,0,
1,2,129,0,39,0,0,
3,3,39,87,53,0,0,
1,2,82,0,27,0,1,
2,3,31,0,59,0,1,
2,4,9,0,48,0,1,
3,3,15,91,62,0,0,
1,3,70,0,66,0,0,
3,4,84,0,38,0,0,
1,1,155,0,42,0,1,
3,2,89,0,47,0,1,
1,3,170,0,27,0,0,
1,2,185,0,32,0,1,
1,2,82,0,37,0,0,
1,3,60,0,56,0,0,
2,2,58,0,39,0,0,
1,1,29,81,36,0,0,
1,2,32,0,32,0,0,
2,4,115,0,62,0,1,
2,2,83,0,48,0,0,
2,3,54,0,58,0,1,
3,4,112,0,27,1,0,
2,2,182,0,52,0,0,
1,2,112,0,54,0,0,
3,3,129,319,31,1,1,
2,1,23,112,60,0,0,
1,2,198,422,34,0,0,
3,4,84,0,46,0,0,
3,3,39,0,41,0,0,
1,1,129,0,62,0,0,
2,2,113,315,31,0,0,
3,1,35,114,41,0,0,
3,1,85,0,55,0,0,
1,4,73,0,45,0,0,
3,1,70,0,51,1,0,
1,3,130,192,27,0,0,
1,1,39,0,30,0,0,
2,4,72,242,31,0,1,
3,4,68,0,61,0,0,
3,1,35,0,40,0,1,
1,3,61,0,45,1,1,
1,4,69,0,45,0,0,
2,1,59,0,37,0,0,
3,2,99,217,34,0,0,
2,1,201,0,43,0,1,
1,2,130,0,42,0,1,
2,3,72,0,56,0,0,
1,1,44,0,33,0,0,
3,1,91,289,36,0,0,
1,3,92,310,62,0,0,
1,1,55,168,58,0,1,
1,3,20,102,65,0,1,
1,1,89,299,65,0,0,
2,2,59,239,52,0,1,
3,3,8,87,64,0,1,
1,4,85,0,51,0,1,
1,1,94,76,59,1,0,
1,2,22,0,52,0,1,
3,2,74,0,55,0,1,
2,3,59,0,46,0,0,
2,4,12,0,61,0,1,
2,1,8,0,35,0,0,
3,3,74,0,56,0,1,
2,4,184,0,31,0,1,
2,4,34,0,44,0,0,
3,2,63,0,53,1,0,
2,2,123,0,36,0,1,
3,2,85,0,27,0,0,
3,3,109,0,36,1,0,
3,1,31,0,40,0,0,
2,2,61,90,39,0,0,
1,2,88,0,59,0,1,
2,2,22,0,43,0,0,
2,4,63,0,30,1,0,
1,4,80,0,26,0,1,
1,3,78,0,48,0,1,
1,4,45,93,50,0,0,
3,4,51,0,33,0,1,
3,2,111,0,32,0,0,
1,3,45,153,34,0,1,
2,2,184,0,33,0,0,
2,2,41,112,32,1,0,
3,4,69,0,55,1,1,
1,3,23,0,58,0,0,
1,2,160,0,47,0,0,
2,1,61,251,30,1,0,
1,2,110,182,42,0,0,
3,2,50,0,40,0,0,
2,1,49,0,33,0,0,
2,4,185,428,46,0,1,
1,2,52,0,63,0,1,
1,2,53,0,62,0,0,
2,4,125,0,43,0,0,
1,3,72,0,31,0,0,
3,4,51,0,28,0,1,
1,3,23,0,64,1,0,
3,1,41,0,27,0,1,
1,3,41,108,33,0,0,
2,1,138,0,39,0,0,
1,2,138,0,44,0,1,
1,4,14,0,53,0,1,
1,2,145,505,42,0,0,
2,3,25,0,44,0,1,
1,1,43,142,34,0,1,
2,1,93,309,47,0,0,
1,2,90,217,53,1,1,
3,2,41,154,62,1,0,
3,2,169,106,61,0,1,
3,2,63,0,42,0,0,
2,3,23,95,48,0,0,
1,4,140,0,38,0,0,
3,1,75,0,41,0,0,
2,4,13,78,57,1,0,
3,1,10,81,31,0,0,
2,1,100,0,39,0,0,
1,3,85,203,48,0,0,
1,3,73,219,55,0,0,
1,2,130,0,29,0,1,
2,3,65,0,47,0,0,
1,4,59,148,61,0,0,
3,2,31,0,60,0,0,
1,1,134,0,34,0,0,
1,4,11,106,45,0,1,
3,1,32,80,60,0,0,
3,2,53,0,25,0,1,
1,1,28,0,41,0,1,
3,2,44,0,63,0,0,
1,1,40,118,63,0,1,
2,3,40,0,43,0,0,
1,2,163,400,58,0,0,
3,1,82,0,50,0,0,
2,4,89,0,38,0,0,
2,4,78,0,54,0,1,
3,3,55,197,61,0,0,
2,4,34,0,29,0,0,
2,4,108,301,39,0,1,
2,4,58,0,33,0,1,
1,4,73,0,23,0,0,
1,4,54,0,56,0,0,
2,4,45,0,54,0,1,
2,1,123,0,37,1,0,
1,1,93,267,38,0,0,
2,4,102,0,34,0,0,
1,3,39,0,53,0,0,
2,4,114,0,65,0,1,
3,1,29,0,62,0,1,
2,3,30,144,51,0,1,
3,1,22,0,31,0,0,
1,2,38,186,64,0,1,
1,2,41,0,39,0,0,
3,4,161,422,28,0,1,
2,3,38,0,60,0,1,
3,1,25,0,47,0,0,
1,4,70,218,25,0,0,
1,2,201,0,44,0,1,
3,2,42,0,51,0,1,
1,1,64,0,31,0,0,
3,4,28,0,32,0,0,
1,1,119,208,51,0,1,
3,1,28,0,25,0,0,
3,3,60,0,43,0,0,
2,1,23,0,54,0,0,
3,4,164,0,34,0,0,
1,2,39,0,54,0,1,
3,2,19,85,42,0,1,
3,2,72,0,46,0,1,
3,3,41,0,62,0,1,
2,2,32,130,31,0,0,
2,1,69,0,30,0,0,
1,3,23,0,52,0,0,
1,4,44,0,35,0,0,
2,3,32,165,60,0,0,
1,2,25,123,58,0,0,
3,2,80,0,24,0,0,
2,1,83,230,40,1,0,
1,1,133,0,49,0,1,
2,1,89,307,43,0,1,
3,2,81,187,33,0,1,
2,2,44,85,36,0,0,
1,2,119,0,62,0,0,
1,4,39,147,57,0,0,
3,2,40,0,64,0,0,
1,3,79,183,52,0,0,
2,4,30,0,54,0,0,
3,1,179,0,40,0,0,
1,2,178,0,30,0,0,
2,4,82,0,55,0,0,
2,2,50,0,39,0,0,
2,2,64,0,55,0,0,
1,1,129,0,28,0,1,
1,4,68,0,44,1,0,
3,1,30,112,46,1,0,
1,3,48,0,61,0,1,
1,1,130,257,61,0,0,
3,1,40,0,45,1,0,
1,2,105,0,38,0,0,
1,4,41,0,29,0,0,
3,3,168,118,52,0,0,
1,2,80,0,38,0,0,
1,2,134,0,28,0,0,
3,1,49,0,34,0,0,
1,2,63,0,35,0,0,
1,4,70,212,46,0,1,
2,3,32,141,63,0,0,
3,3,14,114,33,0,0,
1,2,111,326,38,0,0,
2,4,38,144,53,1,0,
1,2,121,341,28,0,0,
3,4,90,0,44,0,0,
2,2,178,0,58,0,0,
2,4,20,79,38,0,1,
1,2,61,229,48,0,1,
1,4,43,0,33,0,0,
2,1,39,0,66,0,1,
1,4,60,234,59,0,1,
1,3,63,0,40,1,0,
3,4,8,81,36,0,1,
2,4,52,0,62,0,1,
1,4,92,0,51,0,1,
1,2,111,298,58,0,0,
3,1,71,0,52,0,0,
2,2,25,91,41,1,0,
3,1,34,156,31,0,0,
3,3,74,0,28,0,0,
1,2,120,0,57,0,1,
2,4,50,0,61,0,1,
1,2,10,0,60,0,1,
2,4,45,113,56,0,0,
1,4,29,0,49,0,1,
1,2,145,0,63,0,0,
1,2,100,0,49,0,0,
1,3,24,0,49,0,0,
1,1,60,0,32,0,1,
2,4,50,0,26,0,0,
2,3,43,0,27,0,0,
1,3,79,0,57,0,1,
2,3,44,0,29,0,1,
3,4,31,0,56,0,0,
1,2,14,107,59,0,0,
1,4,19,106,53,0,1,
2,1,111,0,54,0,0,
2,1,90,0,56,0,0,
3,2,21,129,50,0,0,
2,1,104,0,51,0,0,
2,1,75,0,53,0,0,
1,2,175,297,37,0,1,
1,1,98,171,32,1,0,
1,4,41,153,49,0,0,
2,2,171,569,34,0,0,
2,4,79,0,54,0,0,
2,4,24,0,64,0,0,
2,1,90,0,58,0,0,
2,3,39,0,25,0,0,
1,2,9,0,50,1,0,
2,2,15,90,38,0,0,
1,1,80,0,48,0,0,
3,1,63,79,41,0,1,
3,1,20,102,32,0,0,
3,2,43,0,46,1,1,
3,1,65,0,39,0,0,
2,2,91,151,39,0,0,
1,1,53,0,63,0,0,
2,3,110,0,58,0,0,
1,3,82,103,28,0,0,
3,4,23,0,36,0,0,
1,2,172,0,43,0,0,
1,2,88,0,36,0,0,
3,2,71,0,44,0,0,
3,1,180,144,31,1,0,
3,2,39,184,45,0,1,
3,1,94,0,39,0,1,
2,3,25,0,43,0,0,
3,2,10,102,40,0,0,
1,1,42,184,30,0,0,
1,2,142,0,58,0,1,
1,2,34,0,46,0,0,
1,1,139,0,35,0,0,
1,2,154,207,30,0,0,
3,2,40,89,34,0,0,
3,1,33,140,62,0,1,
1,2,80,0,58,0,1,
2,3,10,100,45,0,0,
3,3,41,0,42,0,0,
1,4,30,118,60,0,1,
3,1,78,190,55,0,0,
1,1,164,0,45,0,1,
3,1,23,0,52,0,0,
1,1,149,0,31,0,0,
3,4,25,0,60,0,0,
3,1,42,0,33,0,0,
1,1,71,185,37,0,1,
2,3,114,0,59,0,0,
2,1,70,0,51,0,1,
1,4,149,0,47,0,1,
2,4,55,0,60,0,0,
1,1,29,0,61,0,0,
1,1,123,0,64,0,1,
3,1,152,374,46,0,1,
2,4,8,0,31,0,0,
1,4,69,245,57,0,0,
3,4,161,310,48,0,0,
2,1,79,0,48,0,0,
1,1,105,0,35,0,0,
1,3,39,0,33,0,0,
1,1,163,0,47,0,0,
1,1,9,0,46,0,0,
3,4,71,0,44,0,1,
3,3,51,0,42,0,0,
3,1,32,167,50,0,0,
1,4,161,0,52,0,1,
1,1,60,0,53,0,0,
2,4,35,0,37,0,0,
2,4,41,0,64,0,0,
1,2,73,216,46,0,0,
1,4,49,214,57,1,1,
1,2,79,194,61,0,1,
1,2,120,0,42,1,0,
1,2,60,0,40,0,0,
2,3,78,0,33,0,0,
2,4,40,131,50,0,0,
3,2,110,204,52,1,0,
3,4,160,0,35,1,0,
1,4,68,191,57,0,1,
3,2,49,103,56,0,0,
1,2,65,0,44,0,0,
2,3,55,145,23,0,0,
1,3,62,98,33,0,1,
1,1,152,0,48,0,0,
2,3,42,0,45,0,0,
2,4,39,0,54,0,0,
1,3,111,0,42,1,1,
1,3,82,0,47,0,0,
2,4,108,0,61,0,0,
3,2,59,0,53,0,0,
1,3,61,193,56,0,0,
2,4,78,0,33,1,0,
3,2,18,0,44,0,0,
3,4,113,0,63,0,1,
2,1,62,0,47,0,0,
1,1,81,248,50,0,0,
1,3,13,106,49,0,0,
1,1,75,194,34,0,0,
3,2,33,89,40,0,0,
1,1,179,0,38,0,0,
2,3,69,0,51,0,0,
3,1,45,0,28,0,0,
2,3,59,0,52,0,0,
1,2,81,0,39,0,0,
1,1,133,212,29,0,0,
3,2,81,0,54,0,0,
2,4,14,86,63,0,1,
3,2,28,0,40,0,0,
1,2,93,0,36,0,0,
3,3,191,123,45,0,0,
1,1,155,0,61,0,0,
1,2,155,0,26,0,0,
1,4,68,0,33,0,0,
1,2,52,226,64,0,0,
3,1,51,0,43,0,0,
1,4,44,180,24,0,0,
1,2,121,408,30,0,0,
1,4,49,204,60,1,0,
3,2,42,78,50,1,0,
1,1,144,0,40,0,0,
2,1,72,0,31,0,0,
1,1,44,109,30,0,0,
3,3,43,175,60,0,0,
2,1,74,144,39,1,0,
1,1,145,0,66,0,0,
1,2,158,0,65,0,0,
1,4,78,0,54,0,0,
2,1,154,352,54,0,0,
3,2,105,0,35,0,0,
2,3,100,0,32,0,0,
2,1,58,0,63,0,0,
1,1,113,406,60,0,0,
2,2,10,0,43,1,1,
1,2,142,0,59,0,0,
1,1,128,0,62,0,0,
3,3,131,0,30,0,0,
2,4,88,122,54,0,0,
1,2,101,0,30,0,0,
3,2,70,0,31,0,1,
1,1,122,0,44,1,0,
1,3,70,0,32,0,0,
3,2,148,0,63,0,0,
3,2,43,166,57,0,0,
3,1,31,0,60,0,0,
3,2,35,0,37,0,0,
3,4,81,0,53,0,0,
3,1,19,98,51,0,0,
3,4,98,129,30,1,1,
3,4,101,0,28,0,0,
3,2,81,0,50,0,0,
1,1,135,452,52,0,0,
2,2,34,0,56,0,0,
1,1,104,249,40,0,0,
2,3,29,0,64,0,0,
2,2,119,0,61,0,0,
2,2,82,0,46,0,1,
1,1,62,0,55,0,0,
1,3,85,0,45,0,1,
2,2,8,0,40,0,0,
3,4,78,0,63,0,0,
2,3,44,0,57,0,0,
1,2,122,0,38,0,1,
2,3,22,114,37,0,0,
2,4,39,0,31,0,1,
2,1,55,0,50,0,0,
1,2,144,158,42,0,0,
2,1,71,0,51,0,1,
1,2,191,0,38,0,0,
2,1,22,100,53,0,0,
1,1,158,0,43,0,0,
3,3,131,0,35,0,1,
2,1,75,160,49,0,1,
2,3,69,170,28,0,0,
1,2,39,0,51,0,0,
1,4,34,0,39,0,1,
1,1,32,0,31,0,0,
1,1,129,0,44,0,0,
1,3,158,432,46,0,1,
1,1,54,0,42,0,0,
2,1,34,0,41,0,0,
2,4,45,0,23,0,1,
3,2,68,0,59,1,0,
2,1,53,0,47,0,0,
1,1,32,0,48,0,1,
3,2,173,0,58,0,0,
1,4,31,0,58,0,0,
1,2,72,144,54,0,0,
2,4,30,157,49,0,1,
1,1,138,0,63,0,0,
2,1,18,127,62,0,0,
1,1,69,220,45,0,1,
1,3,58,247,39,0,0,
1,4,63,0,58,0,0,
1,2,43,0,56,1,0,
3,1,28,0,29,0,0,
3,1,38,133,33,0,0,
2,3,72,147,55,0,0,
1,4,64,0,56,0,0,
2,3,70,165,36,0,0,
1,1,12,0,53,0,0,
1,2,159,0,57,0,0,
3,2,103,0,35,0,0,
3,1,42,0,43,0,0,
3,2,48,142,54,0,0,
1,1,49,0,29,0,0,
1,2,89,0,39,0,0,
2,4,22,0,32,0,1,
1,2,10,86,51,0,0,
2,1,38,120,50,0,1,
3,2,49,95,54,0,1,
3,2,30,0,38,0,1,
2,1,82,240,32,0,1,
3,1,82,312,62,0,0,
2,1,24,0,57,0,0,
1,4,32,156,47,0,1,
3,3,34,111,51,0,0,
2,2,195,477,54,0,0,
1,4,61,119,26,0,0,
2,3,22,0,37,0,1,
3,4,40,0,27,0,0,
1,2,50,205,63,0,0,
3,2,35,0,62,1,1,
2,3,64,0,59,0,0,
1,3,49,0,32,0,0,
2,4,44,192,35,0,1,
1,2,65,0,56,0,0,
1,4,13,0,55,0,0,
3,1,84,105,31,0,1,
2,4,28,101,54,0,0,
1,3,108,0,58,0,0,
1,1,59,144,48,0,0,
1,1,163,396,48,0,0,
3,2,183,582,33,0,0,
3,4,69,0,36,0,0,
1,1,115,0,41,0,0,
1,4,130,0,55,0,1,
2,2,185,358,63,0,0,
1,2,118,0,53,0,0,
1,1,163,0,38,0,0,
1,2,140,380,46,0,1,
2,2,91,0,59,0,1,
3,4,61,0,56,0,1,
2,4,168,0,59,0,0,
2,3,69,0,39,0,0,
1,1,22,104,47,0,0,
1,1,53,213,47,0,0,
2,2,25,0,53,0,1,
2,4,115,0,36,0,0,
3,4,31,85,34,1,1,
3,1,83,0,36,0,1,
1,2,152,0,60,0,0,
1,1,30,0,45,0,0,
3,1,34,0,27,0,1,
3,1,44,0,47,0,1,
1,2,182,0,44,0,0,
1,3,44,117,54,0,0,
1,2,122,153,57,1,1,
1,4,35,0,52,0,0,
3,1,91,0,51,0,0,
2,2,30,0,57,0,0,
3,1,53,0,65,0,0,
3,1,28,0,58,0,0,
2,4,85,200,64,0,0,
2,2,28,90,52,0,1,
1,4,41,177,58,0,0,
3,1,154,0,52,1,0,
3,1,41,0,43,0,0,
1,3,33,0,56,0,0,
3,3,182,0,37,0,0,
3,2,59,0,53,0,0,
1,2,129,0,27,1,0,
3,3,35,136,53,0,0,
2,3,185,0,42,1,1,
2,4,45,201,58,0,0,
2,4,62,145,36,0,0,
3,3,183,467,53,0,1,
3,2,14,0,48,0,0,
3,1,53,0,54,0,1,
3,3,48,169,26,0,0,
1,2,128,0,50,0,0,
1,1,105,331,31,0,0,
1,3,40,0,35,0,1,
1,2,10,0,63,0,0,
1,2,102,303,29,0,0,
2,3,31,0,57,0,0,
1,4,30,158,30,0,0,
3,1,21,0,33,1,0,
1,2,44,0,62,0,0,
3,1,48,164,35,0,0,
2,3,21,0,37,0,0,
2,4,84,0,37,0,1,
2,3,64,230,35,0,0,
1,1,82,138,35,0,0,
1,4,39,0,59,0,0,
3,2,45,0,53,0,1,
3,4,133,0,45,0,1,
1,2,152,0,46,0,0,
1,1,12,91,40,1,0,
1,3,32,149,42,0,0,
1,4,74,204,25,0,0,
2,2,54,159,39,0,1,
2,3,181,0,30,0,1,
3,2,75,0,58,0,0,
1,3,95,240,41,1,0,
2,4,190,565,37,0,0,
1,1,90,0,36,0,0,
1,4,20,134,27,0,1,
3,3,64,0,60,0,0,
3,2,85,98,62,0,0,
2,4,105,0,67,0,0,
1,1,21,0,44,0,0,
2,2,78,0,24,0,0,
1,2,158,132,45,0,1,
1,1,125,219,58,0,0,
2,3,81,0,61,0,0,
1,1,183,0,54,0,1,
2,4,54,0,28,0,0,
3,4,79,212,49,0,0,
2,1,38,136,35,0,0,
2,4,172,295,36,0,0,
1,3,184,0,34,0,0,
1,2,158,114,36,0,1,
3,1,188,282,35,0,0,
3,4,20,0,27,0,0,
3,4,60,151,42,0,1,
3,4,113,0,65,0,0,
1,4,70,0,29,0,1,
3,2,84,0,65,0,1,
3,2,23,0,59,0,0,
1,2,141,0,46,1,1,
1,3,110,264,59,0,0,
1,4,31,0,52,0,1,
1,1,22,80,60,0,0,
1,1,91,0,43,1,0,
3,4,82,252,65,0,0,
1,1,23,0,50,0,0,
1,1,35,0,48,1,0,
3,1,114,0,49,0,0,
2,3,18,0,58,0,1,
3,2,80,238,24,0,0,
3,2,74,0,58,0,1,
2,4,122,0,45,0,0,
2,3,73,0,42,0,0,
1,2,40,0,64,0,0,
3,4,55,0,49,0,0,
2,1,69,0,55,1,1,
2,4,92,0,40,0,0,
3,4,48,0,28,0,1,
3,4,113,327,57,0,0,
2,1,58,0,50,0,0,
1,2,109,0,40,0,0,
2,3,39,0,55,0,1,
2,3,33,144,53,0,0,
1,4,18,0,48,0,1,
1,1,63,0,59,0,1,
2,1,43,0,58,0,0,
3,4,70,0,38,0,0,
3,1,19,0,49,0,0,
2,4,39,140,60,0,0,
1,3,81,0,54,0,0,
3,4,34,0,28,0,0,
2,1,140,175,27,1,0,
1,1,114,0,42,0,0,
3,2,55,151,52,0,0,
2,1,21,76,54,0,0,
2,4,50,0,56,1,0,
1,3,41,0,58,0,1,
1,3,190,0,56,0,0,
3,2,8,0,64,0,0,
2,2,55,0,35,0,0,
1,2,40,0,45,0,1,
2,3,22,0,57,0,0,
2,2,44,0,35,1,1,
3,3,102,0,46,0,0,
3,4,54,235,30,0,0,
2,4,130,0,44,0,0,
2,3,75,0,39,0,1,
1,2,42,0,42,0,0,
1,1,133,0,34,0,0,
2,1,40,0,46,0,0,
1,3,34,101,55,0,0,
1,1,142,0,28,0,0,
1,3,64,0,35,0,1,
3,2,44,170,60,0,0,
1,1,95,262,50,0,0,
3,1,49,0,52,0,0,
1,2,12,0,51,0,0,
3,1,98,0,51,0,1,
1,4,42,0,59,0,0,
3,2,44,0,53,0,1,
1,1,124,0,43,0,0,
1,2,175,0,31,0,0,
1,4,22,0,32,0,0,
1,4,78,99,41,0,0,
2,2,54,109,31,0,1,
1,1,154,0,41,0,1,
2,3,42,0,47,0,0,
1,2,195,635,37,0,0,
3,1,80,0,53,0,1,
2,3,81,0,49,0,0,
1,2,89,0,62,0,1,
2,3,61,0,33,0,0,
3,4,25,0,54,0,1,
2,3,43,163,27,0,0,
1,1,122,352,60,0,0,
1,1,160,385,29,0,0,
2,4,83,0,56,0,0,
3,2,79,0,55,0,0,
2,3,30,0,45,0,1,
1,1,145,437,33,0,0,
1,2,151,328,45,0,0,
3,2,14,98,44,0,1,
2,3,19,0,37,0,0,
3,1,55,135,42,0,0,
3,2,132,0,26,0,1,
1,1,182,0,33,0,0,
1,3,78,0,61,0,1,
2,1,42,0,31,0,1,
3,2,44,187,54,0,0,
3,4,195,522,62,0,1,
2,3,53,0,61,0,0,
1,3,65,0,66,0,0,
1,4,43,0,38,0,0,
3,4,38,0,55,0,1,
3,1,50,0,60,0,0,
2,2,81,0,23,0,0,
3,1,41,0,29,0,1,
1,3,73,0,35,0,0,
3,2,31,104,53,0,1,
2,3,84,0,32,0,1,
1,2,95,0,38,0,1,
1,4,162,301,44,0,0,
3,2,60,115,43,0,0,
3,2,121,0,54,1,0,
2,3,43,165,52,0,1,
2,1,38,182,31,0,1,
1,1,82,276,47,0,0,
1,4,52,0,42,0,0,
1,3,43,168,57,0,1,
2,1,82,0,33,1,1,
1,1,161,0,35,1,0,
2,2,24,0,56,0,0,
1,1,102,0,57,0,0,
2,3,53,0,25,0,0,
1,1,85,0,53,0,0,
1,3,111,0,59,0,0,
1,2,90,0,56,0,1,
1,2,94,188,54,0,0,
3,4,63,0,48,0,0,
2,2,153,0,55,1,0,
3,2,39,0,33,0,0,
1,2,205,181,46,1,0,
1,1,142,496,42,0,0,
1,2,163,0,49,1,0,
1,3,113,0,42,1,0,
1,1,64,0,46,0,1,
3,3,20,0,65,0,1,
1,1,179,0,50,0,0,
3,2,91,90,54,0,0,
1,1,103,0,42,1,1,
2,4,80,0,57,0,0,
1,2,38,0,61,0,0,
1,1,44,0,60,0,1,
2,1,164,0,40,0,0,
1,3,81,0,33,0,1,
2,2,95,83,37,0,0,
2,3,44,0,52,0,1,
1,3,88,0,33,0,1,
2,3,148,0,62,0,0,
2,3,169,184,62,0,1,
2,1,11,102,63,0,1,
3,1,92,158,55,0,1,
2,3,74,0,33,0,0,
1,3,72,0,25,0,0,
1,3,63,0,55,0,0,
1,2,172,415,29,0,0,
1,2,183,0,45,0,1,
3,1,40,166,60,0,0,
1,4,68,0,44,1,1,
3,4,78,0,48,0,0,
1,2,68,184,57,0,0,
1,1,49,99,58,0,1,
3,2,39,0,58,0,0,
1,1,151,392,44,0,0,
1,2,159,461,54,0,0,
2,4,89,0,59,0,1,
3,4,105,244,63,0,1,
1,2,78,0,61,0,1,
1,2,128,344,58,0,0,
1,4,81,228,44,0,1,
3,4,50,152,53,0,0,
3,3,38,178,63,0,1,
1,2,119,263,41,1,0,
2,3,110,0,50,0,0,
3,1,29,102,51,0,1,
3,1,19,0,47,0,0,
3,2,130,221,43,0,1,
1,1,38,130,46,0,0,
3,1,31,0,50,0,0,
2,4,14,105,33,0,0,
2,3,158,0,27,0,0,
1,4,39,115,34,0,0,
3,2,141,0,34,0,1,
1,3,33,167,28,0,0,
1,2,92,0,29,0,0,
2,3,78,0,52,0,0,
2,3,42,0,47,0,1,
2,2,15,83,41,0,0,
2,1,48,0,58,0,0,
1,3,63,0,37,0,0,
1,1,149,0,57,1,0,
1,1,49,103,63,0,0,
1,2,125,0,60,0,0,
2,1,58,0,50,0,0,
1,3,48,0,60,0,0,
3,2,75,0,54,0,1,
1,2,114,0,28,0,0,
2,4,134,0,45,0,1,
3,4,111,0,28,0,0,
2,4,62,149,54,0,0,
1,1,45,0,42,1,0,
1,2,113,0,30,0,0,
1,1,128,0,61,0,0,
3,4,168,0,64,0,0,
3,1,81,206,38,1,0,
2,1,75,297,39,0,1,
3,4,21,0,54,0,0,
1,3,83,0,59,0,0,
1,1,121,368,39,1,0,
3,4,40,0,63,0,0,
3,1,101,170,31,1,0,
3,2,90,0,56,0,0,
2,1,68,0,47,0,1,
2,2,74,221,28,1,0,
2,4,74,257,32,0,1,
3,2,51,0,54,0,0,
1,1,149,0,29,0,0,
3,1,31,88,39,0,1,
3,2,85,0,26,0,0,
3,2,62,0,29,0,1,
1,1,44,110,46,1,0,
3,3,63,190,38,1,1,
1,2,23,0,55,0,1,
2,3,40,87,48,0,0,
3,2,78,204,36,0,1,
3,3,40,129,39,0,0,
1,4,78,0,40,1,0,
2,3,129,0,26,0,0,
2,3,71,0,55,0,1,
3,3,23,0,61,0,0,
1,2,15,0,57,0,0,
1,1,28,138,56,0,1,
1,3,23,95,31,0,0,
3,1,19,0,61,0,0,
3,3,42,158,58,0,1,
1,2,113,325,43,1,0,
2,4,34,0,29,0,1,
2,1,19,104,50,0,1,
2,1,43,0,49,0,1,
1,3,179,0,43,1,0,
3,3,44,0,58,0,0,
2,2,21,0,41,0,0,
1,1,115,174,65,0,1,
2,4,81,0,52,0,1,
1,2,91,0,55,0,0,
2,4,30,0,49,0,1,
3,3,55,0,52,0,0,
3,2,48,0,56,0,1,
2,4,23,121,30,0,0,
2,3,21,0,36,0,0,
1,2,55,0,41,0,0,
2,3,21,0,42,0,0,
3,3,40,0,60,1,0,
1,4,30,0,44,0,1,
2,3,78,0,34,0,0,
3,2,65,0,56,0,0,
3,4,50,209,31,0,0,
2,4,55,0,29,1,0,
1,2,111,0,31,0,0,
2,3,21,0,36,0,1,
3,3,65,256,42,0,0,
3,1,114,0,64,0,0,
3,3,54,179,61,0,0,
2,2,75,0,35,0,0,
1,4,13,0,28,0,1,
3,2,54,218,38,0,0,
2,3,22,126,44,0,1,
1,2,198,0,45,0,1,
1,1,18,0,46,0,1,
1,4,74,0,57,0,1,
3,4,61,0,40,0,0,
1,2,64,0,38,0,0,
2,2,10,0,39,1,1,
2,2,82,0,23,1,1,
2,3,61,168,47,0,1,
1,2,83,148,32,1,0,
3,3,73,0,30,0,0,
1,2,22,89,54,0,0,
2,2,91,321,25,0,0,
3,3,65,94,60,1,1,
1,3,13,0,61,0,0,
1,1,103,255,36,0,0,
1,1,95,0,52,0,0,
1,4,31,0,33,0,1,
1,3,131,0,57,0,0,
3,4,175,0,34,1,1,
1,4,38,0,50,0,0,
1,3,104,0,43,0,0,
3,3,114,0,34,0,0,
2,4,38,0,26,0,0,
3,4,30,0,26,0,1,
3,2,19,106,48,0,0,
1,4,25,0,49,0,1,
3,4,124,0,47,0,0,
1,3,20,0,43,0,0,
3,1,83,0,40,0,0,
2,4,18,0,31,0,1,
3,1,99,149,27,0,1,
2,3,62,0,55,0,0,
2,1,24,0,54,0,0,
1,4,13,84,23,0,0,
3,2,64,0,54,1,0,
1,3,62,240,57,0,0,
2,1,158,0,41,1,1,
1,1,88,0,28,0,0,
1,4,28,0,33,0,0,
3,2,52,0,51,0,0,
1,4,82,0,28,0,1,
1,2,140,97,63,0,1,
2,1,80,0,29,0,1,
2,4,58,228,62,0,1,
1,1,180,0,51,0,0,
2,1,55,227,52,0,0,
2,3,65,100,43,0,0,
2,3,62,0,39,0,0,
1,4,23,0,35,0,0,
1,1,35,0,34,0,0,
2,4,35,0,49,0,1,
1,4,74,0,43,0,0,
1,3,14,0,48,0,0,
3,2,83,199,30,0,1,
3,4,71,0,46,0,0,
1,2,53,130,43,1,0,
1,2,103,84,27,0,0,
1,1,109,0,39,0,0,
2,2,60,94,58,1,0,
2,3,12,0,44,0,0,
1,2,141,0,39,0,0,
1,1,128,0,35,0,0,
1,3,98,296,41,0,0,
3,1,41,0,43,0,0,
3,2,90,0,55,0,1,
1,1,31,0,32,0,0,
3,1,74,0,56,0,0,
3,4,83,0,30,0,1,
3,1,35,0,65,0,0,
1,1,140,0,31,0,1,
3,3,65,0,41,0,0,
1,3,35,0,55,0,0,
3,4,73,0,37,0,1,
2,1,29,0,34,0,0,
2,4,55,147,34,0,1,
2,4,20,0,33,0,0,
2,1,70,0,48,0,0,
1,4,81,0,28,0,0,
1,2,25,0,30,1,0,
1,2,119,239,44,0,0,
2,4,49,185,61,0,0,
1,1,38,0,59,0,1,
3,2,80,0,33,0,1,
1,1,84,0,56,0,1,
2,4,61,0,53,0,0,
2,2,173,373,42,0,1,
1,2,60,0,43,1,0,
3,2,83,0,35,0,0,
2,1,59,0,61,0,0,
3,3,32,116,39,0,0,
3,3,33,0,61,0,0,
3,4,19,0,40,0,0,
1,4,14,0,34,0,0,
1,4,94,120,65,0,1,
1,2,154,325,40,0,0,
2,1,33,0,39,0,0,
3,2,28,135,61,0,0,
1,1,44,0,40,1,0,
3,2,81,0,49,0,0,
3,1,29,0,43,0,0,
3,3,58,0,45,1,0,
2,4,38,0,52,0,1,
1,3,82,0,32,0,1,
3,1,18,0,31,0,0,
2,2,45,0,27,0,1,
1,4,64,0,33,0,0,
1,3,48,0,65,0,1,
3,1,24,0,62,1,0,
3,4,65,0,55,0,0,
1,1,111,329,46,0,0,
2,3,114,0,37,0,0,
3,2,39,0,60,0,0,
3,1,19,0,44,0,1,
2,3,22,0,35,0,1,
2,4,49,0,52,0,0,
1,1,40,0,30,0,0,
1,1,63,118,62,0,0,
1,1,55,0,41,0,0,
2,1,33,0,38,0,0,
3,4,31,0,52,0,0,
1,4,24,0,48,0,0,
3,4,81,0,47,0,1,
2,1,81,223,41,0,0,
1,2,113,0,44,0,1,
1,2,92,0,31,0,0,
1,1,81,0,50,0,0,
3,3,101,0,36,1,1,
2,3,78,0,52,0,1,
3,2,78,0,62,0,0,
2,1,35,118,55,0,1,
3,2,9,0,61,0,0,
2,4,82,0,34,0,1,
3,1,41,0,34,0,0,
3,1,84,0,59,0,0,
2,4,42,185,41,1,0,
1,3,54,0,33,0,1,
3,2,84,0,55,0,0,
1,1,131,0,64,0,0,
3,2,85,0,44,0,0,
1,4,84,0,32,0,0,
3,4,114,0,67,0,0,
3,3,61,0,40,0,0,
3,1,39,0,57,0,1,
1,2,21,120,59,0,0,
3,4,111,0,43,0,0,
1,2,68,113,58,0,0,
2,4,179,0,50,0,0,
2,4,93,0,52,0,1,
1,2,85,0,35,0,0,
1,1,180,0,40,0,0,
3,2,110,0,31,0,0,
1,1,65,268,32,0,0,
3,1,159,0,55,0,0,
1,2,81,0,43,0,0,
1,1,132,0,31,0,0,
2,1,44,0,26,0,0,
1,1,98,0,58,0,0,
2,2,62,0,51,0,1,
1,1,91,0,45,0,0,
2,4,29,87,56,0,0,
3,4,101,0,25,0,1,
2,3,65,0,38,0,0,
2,1,58,0,62,0,1,
3,2,32,0,39,0,0,
1,4,140,292,56,0,0,
1,1,44,187,50,0,1,
3,1,113,0,52,0,0,
2,1,38,0,53,0,0,
1,4,13,0,25,1,0,
1,2,62,0,44,1,0,
3,3,29,0,42,0,0,
2,3,141,0,42,0,0,
2,1,132,0,63,0,0,
3,1,23,0,57,0,1,
1,2,11,89,56,0,0,
2,4,90,0,60,0,0,
2,1,43,0,62,0,0,
1,4,59,0,48,0,1,
3,2,28,0,37,0,0,
2,2,28,82,55,0,1,
1,3,108,383,42,0,0,
3,1,78,0,39,0,0,
1,1,65,0,47,0,0,
1,4,25,0,34,0,0,
3,2,108,0,48,0,1,
2,4,43,0,52,0,0,
2,4,95,0,53,0,1,
1,1,24,0,49,0,0,
1,2,190,0,47,0,0,
3,1,24,0,48,0,0,
1,4,41,0,38,0,0,
1,3,80,0,48,0,0,
3,3,63,0,56,0,0,
3,3,79,0,65,0,0,
1,4,105,0,46,0,0,
3,3,153,0,60,0,1,
1,1,114,0,50,0,1,
1,1,120,0,41,0,0,
3,1,104,0,41,0,1,
1,1,20,0,60,0,0,
1,1,41,0,57,1,0,
1,2,35,0,48,0,0,
2,1,174,0,53,0,0,
3,1,164,0,42,1,1,
1,1,22,0,45,0,0,
1,1,132,82,35,0,1,
3,4,32,0,34,0,0,
3,3,21,0,67,0,1,
2,2,49,0,36,0,1,
2,4,79,280,37,0,0,
3,2,30,86,40,0,0,
1,2,118,358,35,0,0,
3,4,11,0,60,0,0,
3,3,61,0,59,0,0,
2,4,43,0,35,1,0,
3,4,141,354,27,0,0,
3,4,54,0,29,0,0,
1,2,33,0,35,1,0,
3,3,84,121,38,0,1,
3,1,125,0,62,0,0,
1,1,110,0,43,0,1,
1,4,14,0,35,0,1,
1,2,65,0,41,0,1,
3,3,78,0,65,0,1,
3,3,18,0,61,0,0,
3,2,95,275,55,0,0,
2,2,95,0,28,0,0,
1,1,191,0,52,0,0,
3,1,19,83,34,0,0,
3,4,19,0,49,0,1,
3,1,39,0,42,0,0,
1,1,93,0,49,0,1,
3,3,115,0,49,0,0,
2,1,112,408,32,1,1,
1,4,40,0,59,0,0,
2,3,45,0,43,0,0,
1,1,133,0,48,0,0,
1,3,85,87,31,0,1,
2,2,18,0,30,0,0,
2,4,54,0,58,0,0,
2,2,41,105,41,0,0,
3,1,21,0,38,0,0,
1,1,152,0,33,0,1,
2,1,53,0,51,0,0,
2,3,163,0,45,0,1,
2,4,84,0,34,0,0,
3,3,59,199,39,1,0,
2,3,33,0,44,0,0,
1,4,81,209,55,0,0,
2,3,182,442,28,0,1,
3,1,61,0,57,0,0,
2,4,88,0,43,0,0,
1,2,170,0,46,0,0,
3,4,83,315,35,0,0,
2,4,44,0,25,0,1,
3,3,83,0,65,0,0,
2,1,21,76,64,0,1,
1,1,143,0,39,0,1,
1,2,103,0,62,1,0,
1,3,135,213,46,0,0,
1,1,162,153,36,1,0,
1,4,73,0,42,1,0,
3,4,142,0,35,0,0,
3,2,25,0,63,0,0,
1,2,115,85,45,0,0,
1,3,88,238,27,0,0,
3,3,73,0,29,0,0,
3,1,94,221,55,0,0,
1,1,58,0,32,0,0,
2,3,81,0,37,0,1,
3,4,113,0,25,0,0,
2,2,35,135,41,0,0,
1,1,65,0,52,0,1,
1,2,170,137,31,0,0,
2,2,62,0,40,0,1,
3,2,54,97,54,0,0,
2,1,39,0,48,0,0,
3,1,28,118,39,0,1,
3,2,95,0,64,0,1,
2,3,82,0,54,0,0,
3,1,21,101,39,0,0,
3,2,50,0,55,0,0,
3,3,34,0,42,0,1,
3,4,19,0,58,0,0,
1,4,71,0,45,0,0,
2,2,113,84,29,0,1,
3,4,9,0,36,0,0,
1,1,118,427,63,0,0,
1,4,79,0,55,0,0,
3,3,72,0,54,0,1,
1,1,18,0,61,0,0,
1,2,93,0,36,0,1,
2,1,62,244,61,0,0,
2,3,23,0,39,0,1,
3,3,40,0,57,0,1,
1,4,34,87,35,0,1,
3,1,114,0,66,0,1,
1,1,125,0,49,0,1,
3,1,41,0,48,0,1,
3,2,38,0,61,0,0,
2,4,45,0,44,0,1,
1,4,12,90,23,0,0,
3,2,115,189,31,0,0,
1,2,175,0,39,0,0,
3,1,24,0,45,0,0,
2,2,28,108,39,0,1,
1,2,32,0,64,0,1,
3,2,63,184,64,1,0,
1,1,32,0,47,0,1,
1,4,60,0,34,1,0,
3,2,53,78,56,0,0,
1,4,58,0,33,1,0,
2,4,42,0,56,0,0,
2,4,39,0,57,1,0,
1,1,72,271,43,0,0,
1,3,80,0,43,0,1,
2,4,39,0,26,0,1,
3,2,18,0,64,1,1,
3,1,30,0,43,0,0,
1,1,54,202,44,0,0,
1,1,128,0,60,0,0,
2,1,38,116,37,0,1,
1,1,120,186,56,0,0,
3,4,25,109,54,0,0,
3,4,85,110,43,0,1,
2,3,135,0,57,1,0,
3,4,14,0,29,0,1,
3,1,70,251,54,0,1,
2,3,23,0,61,0,0,
2,4,31,0,29,0,0,
1,1,132,0,47,0,0,
1,3,28,0,43,0,1,
3,2,125,0,46,0,0,
1,2,91,0,55,0,0,
1,2,191,231,48,0,1,
2,2,88,0,26,0,0,
3,4,84,0,63,0,1,
3,3,64,142,57,0,0,
2,2,28,146,58,1,0,
1,1,149,0,28,0,0,
1,4,172,0,61,0,1,
2,1,42,0,65,0,0,
2,2,53,96,33,0,1,
3,2,149,364,63,0,0,
2,2,113,0,43,0,1,
1,2,79,0,26,0,0,
1,2,175,429,57,0,1,
3,1,38,0,50,0,0,
2,4,120,431,54,0,0,
1,4,52,0,59,1,0,
2,2,42,0,49,0,0,
1,1,13,0,54,0,0,
1,2,141,0,65,1,0,
1,2,131,156,34,0,1,
3,1,133,0,31,0,0,
1,2,64,0,31,0,0,
1,2,49,0,64,1,0,
3,1,34,0,52,0,0,
1,1,91,81,57,1,0,
1,1,195,0,60,0,0,
2,3,53,112,45,0,0,
3,2,39,0,39,0,0,
1,4,20,0,25,0,1,
3,4,104,0,29,0,1,
2,2,51,131,40,0,0,
1,3,154,0,36,1,0,
1,1,38,115,33,0,0,
1,2,12,0,51,0,1,
3,1,28,0,35,0,1,
3,2,33,0,54,0,0,
2,4,31,0,29,0,0,
2,1,44,192,32,0,0,
3,4,49,192,37,0,0,
1,2,134,0,55,0,0,
3,4,182,94,30,0,0,
1,1,114,286,49,0,0,
2,1,90,0,51,0,1,
3,4,105,0,65,1,0,
1,3,58,90,32,0,0,
3,4,53,0,29,0,0,
3,4,15,0,46,1,0,
3,1,103,0,64,0,1,
2,4,58,154,27,0,1,
2,1,83,0,50,0,1,
3,1,125,0,33,0,0,
3,3,61,0,38,0,0,
2,3,69,0,38,0,0,
3,1,89,0,37,0,0,
1,4,70,0,46,0,1,
2,2,39,0,31,0,0,
2,4,41,0,35,0,0,
1,2,148,508,50,0,0,
2,3,38,148,45,0,0,
3,1,95,146,30,0,1,
1,2,129,0,60,0,0,
2,4,84,0,31,1,0,
2,3,29,0,60,0,0,
3,2,30,0,36,0,0,
3,2,90,134,64,0,0,
1,1,150,0,29,0,1,
2,4,15,0,58,0,0,
2,4,13,0,59,0,0,
3,2,9,0,58,0,0,
3,4,24,0,35,0,0,
2,3,41,0,43,0,0,
1,4,25,0,33,0,1,
2,4,49,0,54,1,0,
3,3,58,128,38,0,1,
1,2,141,0,38,0,1,
1,4,50,211,57,0,0,
1,3,61,0,34,0,1,
1,1,65,0,52,0,1,
1,1,112,229,50,0,0,
3,3,19,0,60,0,0,
2,1,23,0,26,0,0,
3,1,60,0,56,0,0,
1,4,30,0,39,1,1,
1,4,144,210,45,0,0,
3,4,118,0,30,0,0,
1,2,194,0,37,0,0,
1,3,109,0,45,0,0,
1,1,174,0,48,0,0,
3,1,34,119,65,0,1,
2,3,84,0,46,0,0,
2,1,41,0,40,0,1,
1,3,92,0,33,0,0,
3,1,19,116,40,0,0,
2,3,55,172,60,0,0,
2,4,22,0,51,0,1,
1,1,155,0,41,0,0,
3,4,72,0,37,1,0,
2,1,81,0,35,0,0,
1,1,30,0,35,1,1,
1,4,54,189,46,0,1,
1,3,60,0,60,0,0,
2,1,68,0,51,0,0,
2,4,65,126,31,0,0,
2,3,31,142,30,0,0,
3,1,169,272,32,1,0,
3,1,139,0,53,0,0,
3,1,29,0,33,0,0,
2,2,43,0,40,0,1,
1,2,80,0,57,0,1,
2,1,43,123,51,0,0,
1,2,194,0,30,0,1,
3,2,24,0,41,1,0,
3,2,32,0,54,0,1,
1,3,153,416,42,0,0,
3,1,30,0,30,0,1,
1,3,165,0,60,0,1,
2,3,64,0,56,0,1,
2,4,15,83,63,0,0,
2,3,70,0,56,0,0,
3,3,32,0,39,0,0,
2,2,128,209,29,0,0,
3,1,84,102,28,1,1,
3,2,62,0,41,0,1,
2,3,33,0,28,0,1,
1,1,65,0,49,0,0,
2,4,33,85,30,0,0,
2,1,15,115,63,0,0,
2,3,45,0,45,0,0,
1,2,132,0,40,0,0,
2,3,29,0,28,0,0,
2,1,65,0,62,0,0,
2,2,52,147,38,0,0,
1,2,64,0,32,0,1,
3,2,73,224,58,0,1,
3,1,20,0,33,0,0,
1,2,44,192,60,0,0,
1,1,79,0,34,0,0,
2,2,104,79,38,0,0,
1,1,88,0,44,0,0,
3,3,51,0,56,0,0,
2,3,61,0,37,0,0,
3,2,23,91,45,0,1,
3,2,38,95,44,0,0,
2,3,75,0,37,1,0,
1,4,42,0,47,0,1,
1,4,45,0,51,0,1,
2,3,59,0,63,0,0,
3,2,130,0,61,0,0,
3,2,9,96,43,0,1,
3,3,62,0,41,0,0,
1,1,202,553,59,0,0,
1,1,162,0,29,0,1,
1,3,93,79,32,0,0,
1,1,145,0,64,0,0,
1,1,99,368,50,1,1,
3,1,148,0,35,0,0,
2,3,154,0,34,0,0,
1,2,149,0,58,0,1,
3,1,69,78,41,0,0,
1,2,30,146,37,0,0,
2,2,48,0,35,0,0,
3,1,42,0,45,0,0,
1,2,132,403,53,0,0,
2,3,81,193,53,0,0,
2,4,60,0,54,0,1,
2,4,45,95,28,0,0,
3,1,70,0,58,0,0,
1,4,71,0,47,0,0,
3,4,28,0,24,0,0,
1,2,83,0,27,0,1,
1,1,131,0,42,0,1,
1,1,82,0,50,0,1,
3,1,79,225,41,0,0,
3,4,51,0,46,0,0,
1,2,111,0,46,0,1,
1,1,93,0,51,0,0,
3,4,73,0,59,0,0,
2,2,24,0,58,0,0,
2,3,64,0,37,0,0,
1,3,104,242,39,0,0,
3,4,38,0,47,0,0,
1,1,191,0,51,1,0,
3,4,53,0,64,0,1,
3,4,74,0,59,0,0,
3,4,21,0,55,1,0,
3,3,80,144,57,0,1,
1,4,41,174,59,0,0,
3,1,79,0,42,1,1,
2,3,141,260,34,0,0,
2,3,32,0,41,0,1,
3,3,38,0,43,0,0,
2,3,85,0,53,0,0,
3,2,93,107,47,0,0,
3,1,140,0,49,0,1,
2,4,69,0,35,0,1,
2,2,32,0,52,0,1,
1,4,61,177,53,0,0,
1,1,125,0,48,0,0,
2,4,30,0,35,1,0,
2,2,104,0,52,0,1,
1,1,24,0,60,0,0,
2,1,22,0,33,0,0,
2,2,59,0,38,0,0,
2,1,120,0,29,1,1,
1,2,164,500,35,0,0,
1,4,60,0,26,0,1,
2,3,43,0,48,0,0,
1,3,70,0,43,1,0,
1,2,51,0,60,0,0,
1,4,59,0,27,0,0,
3,4,129,75,38,0,0,
2,2,22,0,40,0,1,
2,4,29,0,38,0,0,
3,1,18,0,50,0,0,
3,3,65,0,38,0,0,
1,4,65,0,34,0,1,
1,1,38,0,42,1,0,
1,2,110,0,60,0,0,
2,1,22,111,62,0,0,
1,2,43,0,59,0,1,
1,4,30,0,49,0,0,
1,2,134,0,49,0,0,
1,3,32,0,36,0,0,
1,1,139,0,33,0,0,
1,2,45,0,43,0,0,
2,3,62,0,53,1,0,
2,4,51,103,57,0,0,
3,1,93,313,53,0,0,
1,1,122,0,60,0,0,
1,1,45,0,34,0,0,
1,1,179,0,51,1,0,
1,3,64,205,36,0,1,
1,2,41,0,63,0,0,
3,2,58,0,37,0,1,
1,4,64,0,57,0,0,
2,3,28,0,52,0,0,
3,1,21,0,38,0,0,
2,1,60,0,61,0,0,
1,2,78,0,31,0,1,
3,3,59,0,39,0,0,
3,3,59,0,38,1,1,
2,4,83,0,46,0,1,
1,1,128,0,48,1,0,
1,1,95,0,58,0,0,
3,4,160,410,50,0,0,
3,4,78,0,67,1,0,
2,2,184,0,36,0,0,
1,3,30,0,30,0,0,
3,2,51,123,58,0,0,
3,1,35,0,43,0,0,
3,4,74,0,31,0,0,
2,4,43,0,37,1,0,
2,2,23,0,49,0,1,
1,4,20,99,27,0,0,
1,1,112,0,50,0,0,
2,3,74,0,46,0,1,
3,2,65,232,49,0,1,
1,2,124,0,29,0,1,
1,3,65,0,55,0,0,
3,3,73,285,61,0,0,
3,2,8,0,45,0,1,
1,3,53,76,33,0,0,
3,3,131,229,63,0,0,
1,4,13,0,32,1,1,
1,1,60,98,42,0,0,
2,1,45,82,51,0,0,
3,2,39,119,44,0,0,
2,4,78,0,33,0,0,
3,3,43,0,39,0,0,
1,2,31,109,56,1,1,
2,3,118,161,28,0,0,
1,3,82,0,43,0,0,
1,3,112,0,30,0,0,
2,1,10,0,34,0,0,
3,2,18,95,26,0,0,
2,3,72,0,58,0,0,
3,4,72,0,43,0,0,
1,1,78,0,40,0,0,
2,3,78,0,54,0,0,
3,1,30,0,44,0,0,
1,3,45,0,54,0,1,
1,2,80,0,39,0,0,
1,1,174,0,59,0,1,
3,2,51,0,53,0,0,
1,1,181,0,32,0,1,
2,4,78,194,40,0,1,
3,3,79,0,54,0,0,
1,1,119,118,27,0,0,
2,4,49,109,63,1,1,
2,3,83,0,26,0,0,
2,1,100,126,33,0,0,
1,3,70,0,43,0,0,
2,3,52,0,57,0,0,
1,4,12,0,26,0,0,
3,4,82,219,55,0,1,
2,2,34,0,30,0,1,
3,4,112,0,63,0,1,
3,3,42,0,55,0,0,
1,2,83,0,35,0,0,
2,1,142,0,45,0,0,
1,2,199,0,47,0,0,
2,4,29,121,31,0,1,
3,3,70,273,56,0,1,
3,2,25,0,49,0,0,
1,2,84,0,53,0,0,
1,3,81,0,62,0,1,
1,2,15,0,63,0,0,
3,3,54,0,26,0,0,
2,4,108,304,59,0,0,
1,4,83,0,40,0,1,
3,1,62,170,42,0,1,
1,2,134,204,29,0,0,
1,3,75,79,40,0,0,
2,2,109,341,31,0,1,
1,2,152,0,35,0,0,
3,4,83,0,62,1,0,
3,4,52,0,51,0,0,
3,2,31,0,32,0,1,
3,3,135,449,27,0,1,
1,1,98,151,62,0,0,
2,4,14,0,66,0,0,
1,4,64,0,53,0,1,
1,2,109,0,49,0,0,
1,1,118,333,65,0,1,
2,4,80,0,30,1,0,
3,3,51,0,60,0,0,
2,4,115,0,30,0,0,
1,1,83,0,54,0,0,
1,1,90,0,54,0,0,
1,4,28,0,37,1,0,
1,2,82,221,32,0,1,
1,3,24,0,51,0,1,
1,2,71,0,46,0,1,
1,1,80,0,41,0,0,
3,4,109,0,62,0,0,
1,1,140,0,54,0,0,
2,4,39,0,52,1,0,
2,1,39,98,51,0,0,
2,3,50,0,24,1,0,
1,2,31,0,61,0,0,
3,3,35,144,55,0,1,
1,4,44,0,37,0,1,
3,1,35,0,64,0,0,
1,2,20,106,34,0,1,
2,4,10,0,31,0,0,
3,4,83,0,42,0,0,
1,2,203,0,47,0,0,
1,3,84,0,29,0,0,
1,4,41,0,34,0,0,
1,2,164,0,36,0,1,
1,2,152,0,34,0,0,
1,4,62,0,26,1,0,
1,4,12,89,48,0,0,
1,4,28,0,47,0,0,
1,1,52,0,39,0,1,
2,3,19,97,62,0,0,
1,3,35,0,34,0,0,
1,4,28,96,43,0,0,
2,3,70,0,55,0,1,
1,1,140,0,65,0,0,
3,4,102,0,26,0,0,
3,4,50,0,57,0,0,
1,3,61,205,32,0,1,
2,2,188,259,35,0,0,
3,4,178,0,63,0,0,
2,4,44,194,49,0,0,
1,4,12,0,23,1,1,
1,4,69,188,30,0,1,
1,1,132,0,43,0,0,
1,2,128,196,39,0,0,
1,4,44,122,31,0,0,
3,1,44,0,65,0,1,
3,2,34,0,34,1,0,
1,2,132,0,37,0,0,
1,2,158,0,62,0,1,
1,1,83,0,33,0,0,
3,1,28,75,48,0,0,
3,3,131,0,33,1,0,
2,3,31,0,45,0,1,
2,4,40,0,44,0,0,
1,2,71,127,37,1,0,
3,2,42,0,31,0,0,
2,3,35,114,56,0,0,
1,2,81,0,30,0,0,
1,2,91,0,61,0,0,
2,4,129,0,32,0,1,
1,1,75,0,51,0,0,
2,4,54,230,26,0,0,
1,1,43,0,31,0,0,
2,4,94,0,43,0,0,
3,4,84,0,57,0,1,
2,1,34,0,42,1,0,
1,4,15,0,48,0,0,
3,2,99,194,46,0,0,
2,1,15,82,33,1,1,
3,4,83,0,45,0,0,
3,4,83,0,31,0,0,
1,1,143,0,42,1,0,
3,4,81,0,56,0,0,
2,1,39,0,63,0,0,
2,2,158,277,42,0,1,
3,1,62,0,50,0,0,
1,2,64,0,31,0,1,
2,1,29,0,65,0,0,
1,3,64,0,60,0,0,
2,4,21,0,34,0,0,
3,2,142,0,62,0,1,
1,3,64,0,56,0,0,
1,4,40,0,51,1,1,
2,3,61,0,44,0,0,
3,1,44,0,41,0,0,
2,3,78,161,43,0,1,
3,2,25,0,25,0,0,
1,2,125,0,40,0,1,
3,2,63,0,53,0,0,
3,1,54,185,54,0,0,
1,2,92,184,36,0,0,
1,2,119,381,26,0,1,
2,1,40,0,35,0,0,
1,1,41,0,29,0,0,
1,2,81,0,35,0,1,
1,3,101,270,28,0,0,
2,4,25,0,48,0,0,
2,1,55,0,46,1,0,
3,1,43,166,31,0,1,
2,2,98,98,40,0,0,
3,4,112,402,27,0,1,
3,4,69,102,32,0,0,
2,4,79,215,67,0,1,
1,2,118,0,24,1,0,
2,3,81,251,45,0,1,
2,1,19,121,26,0,0,
3,2,139,0,42,0,0,
2,3,63,0,65,0,0,
1,2,102,0,59,0,0,
2,4,40,0,30,0,0,
1,1,44,81,32,0,1,
1,3,59,216,36,0,0,
1,2,224,0,48,0,1,
3,2,64,0,56,0,0,
1,2,129,0,44,0,0,
1,1,43,0,60,0,1,
1,3,12,0,51,1,1,
2,3,53,0,34,0,0,
3,2,39,0,45,0,1,
1,1,65,0,47,0,0,
3,1,18,94,29,0,1,
3,1,55,0,52,0,0,
3,1,60,0,61,0,0,
1,2,42,187,40,0,0,
2,3,44,0,24,0,0,
1,2,111,0,33,0,0,
1,1,62,0,33,0,0,
3,2,44,148,52,0,1,
3,1,69,0,40,0,0,
3,3,62,172,45,0,0,
2,1,35,0,27,0,0,
1,1,91,0,38,0,1,
1,1,12,96,50,0,0,
1,3,89,292,41,0,0,
2,4,65,0,60,1,0,
3,2,179,400,64,0,0,
3,2,82,0,34,1,1,
1,1,48,0,30,0,0,
2,4,20,0,31,0,0,
3,1,91,330,41,1,0,
1,2,122,0,61,0,0,
3,1,22,0,42,0,0,
1,2,43,0,48,0,0,
1,4,38,0,59,0,1,
1,3,61,0,57,0,0,
2,4,33,0,37,0,0,
1,1,145,345,53,0,0,
1,1,170,0,53,0,0,
2,3,55,0,26,0,0,
3,1,40,0,39,0,0,
1,2,68,126,35,0,1,
1,3,53,0,59,0,0,
3,3,63,0,43,1,0,
1,2,123,92,39,0,1,
1,2,13,0,49,0,0,
1,4,12,102,47,0,1,
1,2,53,102,41,0,0,
2,1,79,294,57,0,1,
2,1,89,170,42,0,0,
2,1,188,0,61,0,0,
3,3,62,0,56,0,0,
3,3,123,428,29,0,0,
2,3,40,0,25,0,0,
3,4,119,0,32,0,0,
2,4,123,253,37,0,1,
2,1,23,0,31,0,1,
3,1,62,255,38,0,0,
1,3,69,106,40,0,0,
1,2,124,0,61,1,1,
3,4,52,0,50,0,0,
1,2,134,0,32,0,0,
2,1,58,0,62,0,0,
2,3,45,200,62,0,1,
2,4,75,0,40,0,0,
2,4,23,78,59,0,0,
1,3,123,0,43,0,0,
1,3,48,0,62,0,0,
1,1,145,140,48,0,0,
3,1,31,0,29,0,0,
3,3,38,0,58,0,0,
3,4,78,0,43,0,0,
1,2,94,0,39,0,0,
3,1,84,0,33,0,0,
3,1,22,0,40,0,0,
1,4,78,0,28,0,1,
2,3,75,0,38,0,0,
1,3,71,0,65,0,1,
3,1,24,0,35,0,1,
1,2,112,0,29,0,1,
2,1,53,167,61,0,0,
3,1,41,0,46,0,0,
2,1,25,0,50,0,0,
2,4,42,194,60,0,0,
2,3,51,113,54,1,1,
2,2,19,0,43,0,0,
1,2,90,258,38,1,1,
2,4,89,0,46,0,0,
1,3,22,0,64,1,1,
1,1,119,0,24,0,0,
3,4,93,0,39,0,0,
1,4,18,0,34,0,0,
3,1,32,120,65,0,0,
3,3,182,0,38,0,1,
3,2,19,0,62,0,1,
3,1,85,0,59,0,1,
2,4,90,0,49,1,0,
1,2,59,134,57,0,0,
1,1,84,0,64,0,0,
2,2,95,0,47,0,0,
3,3,13,0,30,0,0,
1,4,88,0,42,0,1,
3,2,34,0,53,0,1,
3,4,11,0,50,0,1,
2,4,80,0,62,0,0,
1,1,41,0,34,0,1,
3,2,90,0,47,0,0,
3,3,93,0,62,0,1,
2,4,81,0,61,0,0,
1,2,60,0,59,0,0,
2,3,39,0,47,0,1,
2,3,22,0,65,0,0,
1,2,32,79,56,1,0,
3,1,28,0,56,0,0,
2,2,35,0,31,0,1,
3,3,154,351,61,0,1,
1,2,189,0,42,0,0,
3,4,40,84,44,0,0,
2,2,88,0,47,0,0,
1,2,124,0,30,0,0,
3,2,23,0,62,0,0,
1,4,23,0,56,0,1,
1,2,139,0,25,0,1,
1,4,173,427,53,0,0,
3,4,42,153,26,0,0,
1,1,161,160,59,0,1,
2,3,28,0,62,0,0,
3,4,191,194,58,0,1,
1,2,42,106,40,0,1,
3,4,81,0,35,0,0,
1,3,175,312,51,0,0,
1,3,82,0,41,0,0,
3,1,53,0,51,0,1,
1,3,142,0,27,0,0,
3,4,42,0,46,0,0,
1,4,64,189,46,0,0,
1,2,90,0,31,1,0,
2,1,44,0,58,0,0,
3,1,29,0,42,0,0,
1,2,93,0,59,0,1,
3,3,69,132,54,0,0,
2,2,82,0,35,0,1,
3,2,180,0,34,0,0,
3,2,13,0,46,0,0,
1,1,72,178,52,0,0,
1,3,54,0,55,0,0,
1,1,104,0,34,0,1,
2,2,44,157,57,0,0,
1,1,40,0,45,1,1,
1,2,190,246,29,0,1,
1,4,64,0,49,0,1,
2,2,9,99,36,1,0,
2,4,38,0,57,0,0,
3,3,72,0,25,0,0,
1,1,82,79,43,0,0,
3,2,48,119,27,1,0,
3,4,82,294,54,0,0,
2,2,14,83,53,0,0,
1,1,162,0,55,0,1,
1,2,54,0,43,0,0,
1,2,90,0,35,0,0,
1,4,64,0,59,0,0,
3,3,65,0,42,0,1,
1,2,113,0,51,0,0,
3,2,38,0,57,0,0,
3,1,65,0,39,0,0,
3,4,39,0,53,0,0,
1,2,174,0,31,0,1,
3,2,59,0,33,0,0,
1,2,43,0,38,0,0,
3,2,24,0,47,0,1,
2,1,50,166,63,0,0,
3,1,68,0,44,0,0,
3,3,61,0,61,0,0,
2,4,21,0,52,0,0,
2,2,21,0,59,0,0,
1,4,31,0,56,0,0,
1,4,70,0,58,1,0,
2,3,25,135,30,0,1,
3,1,78,0,42,0,0,
1,1,19,0,51,0,0,
3,1,23,0,60,0,0,
1,4,40,0,30,0,0,
3,1,22,0,49,0,0,
2,4,71,0,26,1,0,
2,1,58,0,36,0,0,
1,3,75,0,65,0,0,
2,1,40,110,27,0,1,
3,1,155,0,60,0,1,
2,4,83,0,32,0,0,
1,3,99,0,46,0,0,
2,1,59,0,60,1,0,
2,3,53,0,28,0,0,
1,4,11,0,50,1,0,
3,4,179,0,52,0,0,
3,2,71,0,29,0,0,
3,4,85,0,30,0,0,
3,3,49,0,42,1,0,
1,2,122,0,32,0,1,
1,2,171,0,40,0,0,
2,2,138,0,49,0,0,
3,4,8,0,53,1,0,
1,4,59,0,42,0,0,
1,3,49,0,38,0,0,
1,2,92,0,60,0,0,
1,4,75,0,27,0,0,
2,1,60,0,61,0,1,
2,2,41,0,27,0,0,
2,3,40,0,45,0,1,
1,2,81,146,41,0,1,
3,1,52,196,44,0,1,
1,4,25,0,38,0,0,
1,1,139,353,39,0,0,
2,1,54,0,48,0,0,
1,1,81,0,47,0,1,
1,3,73,0,64,1,1,
3,4,30,0,27,0,1,
1,3,59,0,66,0,0,
1,3,21,0,43,0,0,
2,3,65,104,34,0,0,
2,3,41,161,28,0,0,
3,4,52,121,52,0,0,
2,4,84,180,45,0,0,
1,2,135,0,24,0,0,
3,4,18,0,39,1,0,
1,1,34,0,40,0,1,
3,4,85,0,30,0,0,
3,1,23,0,49,0,0,
2,4,65,0,53,0,1,
1,1,195,0,56,0,0,
1,4,40,89,50,0,0,
3,2,141,0,53,0,0,
2,2,95,322,60,0,1,
2,3,23,131,58,0,0,
2,2,82,0,43,0,1,
3,4,53,0,46,0,0,
1,4,10,87,29,0,1,
2,1,75,125,56,0,0,
2,4,23,122,48,0,0,
1,1,133,0,61,0,0,
1,1,129,0,41,0,1,
2,4,85,131,35,0,0,
1,2,168,308,48,0,0,
3,4,83,0,43,0,0,
2,2,52,0,37,0,0,
1,1,114,0,47,1,1,
3,1,81,0,29,0,0,
2,1,32,0,63,0,0,
3,3,63,0,43,0,0,
3,3,70,0,57,0,0,
1,2,20,0,55,0,0,
1,2,138,0,47,0,1,
2,4,63,0,58,0,0,
3,1,85,118,53,0,0,
2,2,180,0,59,1,1,
3,4,80,0,46,0,0,
3,1,53,0,41,0,0,
2,2,72,75,46,0,0,
1,3,123,0,44,0,1,
3,2,91,0,44,0,0,
1,2,148,0,50,0,0,
3,2,163,0,51,0,0,
3,4,28,149,55,0,1,
1,1,193,0,37,0,0,
3,3,22,0,34,0,0,
1,4,74,0,59,0,1,
3,4,70,0,45,0,1,
2,1,11,0,30,0,1,
2,3,61,0,32,0,0,
1,1,41,0,61,0,1,
2,4,108,0,54,0,0,
3,4,23,0,35,0,1,
3,2,135,183,63,0,0,
3,2,30,86,66,0,0,
2,4,144,0,48,0,0,
1,4,139,0,60,0,0,
3,2,143,209,41,0,0,
1,1,44,0,31,0,1,
2,4,49,0,58,0,0,
2,4,75,182,67,0,0,
1,2,43,0,35,0,0,
3,3,59,0,40,0,0,
1,3,154,0,42,0,1,
3,1,75,0,44,0,1,
2,1,75,0,47,0,1,
1,2,88,278,59,0,0,
3,1,91,0,29,0,0,
3,1,11,0,36,1,1,
3,1,22,0,47,0,0,
3,2,49,220,55,0,1,
1,1,140,342,41,0,0,
2,2,99,0,51,0,0,
1,2,82,199,26,0,0,
1,4,10,81,33,0,1,
2,4,109,103,30,0,1,
3,4,45,0,30,0,0,
2,2,93,0,45,0,0,
2,3,89,216,40,1,0,
2,3,39,132,42,0,0,
1,1,21,89,50,0,0,
1,3,31,0,62,0,0,
3,1,31,0,63,0,0,
2,4,52,0,43,0,0,
3,1,13,0,49,0,0,
3,2,21,76,51,1,0,
1,4,50,189,61,0,0,
3,4,81,0,43,0,1,
1,4,74,0,43,0,1,
1,3,89,0,61,0,0,
2,3,82,0,35,0,0,
2,4,88,0,59,0,0,
3,3,61,0,40,0,0,
1,2,139,0,61,0,0,
2,1,29,0,48,0,0,
1,3,51,0,37,0,1,
3,1,58,241,56,0,0,
3,2,21,125,35,0,0,
2,2,43,0,35,0,0,
2,2,104,0,40,0,0,
2,1,9,98,50,0,0,
2,3,39,0,49,0,0,
1,1,89,0,46,1,1,
3,2,21,0,64,0,0,
3,3,173,0,60,0,0,
3,1,29,105,45,0,1,
2,4,43,0,52,0,1,
2,3,30,0,58,0,0,
3,4,39,0,54,1,0,
3,2,83,248,48,0,0,
2,3,58,223,51,0,0,
2,1,8,0,53,0,1,
3,3,39,0,57,1,1,
1,2,204,0,43,0,0,
1,1,45,0,37,0,0,
1,1,111,0,32,1,0,
2,2,83,148,34,0,0,
3,1,83,0,54,0,0,
1,2,115,202,62,0,1,
3,1,60,227,56,0,0,
1,1,53,0,39,0,0,
1,2,134,0,32,0,0,
3,1,91,0,50,0,0,
1,2,91,0,27,0,0,
1,2,128,0,37,0,1,
1,3,78,0,60,1,0,
1,2,161,464,43,0,0,
3,3,60,0,62,0,0,
1,1,161,509,39,1,0,
2,4,40,0,34,0,1,
2,1,68,0,46,0,0,
1,3,74,0,46,0,0,
2,3,55,93,51,0,0,
1,1,145,0,44,0,1,
2,1,24,0,60,0,0,
2,1,10,0,65,0,0,
1,2,138,0,58,1,0,
3,4,63,0,37,0,0,
3,4,54,0,52,0,1,
3,3,62,0,42,0,0,
3,1,81,0,54,0,0,
2,3,61,0,54,0,1,
3,1,68,0,51,0,0,
1,2,78,0,59,0,0,
1,2,165,157,41,0,0,
2,3,48,0,43,0,1,
2,3,155,0,52,0,0,
3,2,158,251,52,0,1,
1,1,52,0,57,0,0,
1,4,18,0,53,0,0,
1,4,42,0,58,0,0,
3,2,18,0,59,0,0,
1,2,40,0,57,1,1,
2,4,44,0,27,1,0,
1,1,11,87,42,0,1,
2,2,194,0,52,0,0,
2,2,108,0,49,0,0,
2,4,12,0,47,0,0,
1,3,19,94,45,0,1,
1,1,150,0,25,0,0,
3,4,89,0,47,0,0,
3,2,83,0,44,1,1,
2,4,79,0,30,0,0,
2,4,102,0,63,0,0,
1,1,155,0,50,0,1,
1,1,138,0,40,0,0,
1,3,51,0,56,0,1,
2,2,80,86,39,0,1,
1,2,135,0,42,1,1,
2,4,34,162,28,0,1,
3,3,195,0,26,1,0,
3,3,62,217,58,0,1,
1,2,173,243,38,0,0,
1,2,149,0,23,0,0,
1,1,20,131,53,0,1,
1,4,42,0,54,0,1,
3,1,28,0,42,0,1,
2,1,95,0,54,0,0,
3,2,95,0,66,0,0,
1,1,34,124,46,0,0,
3,2,191,205,63,0,0,
1,2,41,173,63,0,1,
1,1,150,481,58,0,0,
3,2,91,146,65,0,0,
2,4,84,0,35,0,0,
1,4,73,140,33,0,0,
1,1,122,0,43,0,0,
2,1,73,133,30,0,0,
3,2,20,0,61,0,0,
1,4,130,281,49,0,0,
3,3,85,0,52,0,0,
1,2,134,0,45,0,1,
2,3,98,80,64,0,0,
3,2,54,0,26,1,0,
1,3,41,0,35,0,0,
3,4,128,0,45,0,0,
1,3,132,308,44,0,0,
3,1,188,0,34,0,0,
2,4,170,0,65,0,1,
3,3,14,111,32,0,0,
3,1,93,0,41,0,0,
2,1,79,0,52,0,1,
2,4,79,0,35,0,0,
3,4,62,119,51,0,0,
1,2,95,0,30,1,0,
3,4,60,0,58,0,0,
2,1,75,0,49,0,1,
2,4,85,0,63,0,1,
1,1,143,0,40,0,0,
2,1,34,112,27,0,1,
1,2,44,0,38,0,0,
2,4,31,151,52,1,0,
1,4,13,111,49,0,0,
1,4,52,0,59,0,1,
3,1,42,102,32,0,0,
3,4,102,139,30,0,1,
3,2,143,0,64,1,0,
3,4,10,0,59,0,0,
3,1,44,0,62,0,0,
1,2,158,306,61,1,1,
2,2,12,0,53,0,1,
1,1,59,139,51,0,0,
2,1,92,0,55,0,0,
1,2,82,0,36,0,1,
2,4,44,0,44,0,0,
2,2,182,0,26,0,0,
1,2,121,0,54,0,0,
1,1,38,0,35,0,1,
1,2,92,0,34,1,1,
3,2,53,0,28,0,0,
1,3,45,83,32,1,0,
2,1,63,0,38,1,0,
1,1,181,0,53,0,0,
3,2,184,577,26,0,1,
1,3,33,136,45,0,1,
1,3,22,0,58,0,0,
1,2,99,0,59,0,0,
2,3,44,193,45,0,0,
2,4,101,0,64,0,1,
2,1,32,0,30,0,1,
1,4,59,0,40,0,0,
2,2,25,0,61,0,1,
1,3,140,0,40,0,0,
3,1,29,0,40,0,0,
1,1,35,0,43,0,0,
1,4,141,0,39,1,1,
3,4,75,79,35,0,0,
1,2,58,0,38,0,0,
1,2,41,0,67,0,0,
2,2,42,196,55,0,1,
2,3,55,0,28,0,0,
2,4,18,84,30,0,0,
3,4,75,0,59,1,0,
1,2,85,0,26,0,0,
2,4,43,0,52,0,0,
1,2,149,319,40,0,1,
2,2,25,0,31,1,1,
2,4,19,103,50,0,1,
3,1,18,0,27,0,0,
2,4,13,0,64,0,0,
2,1,41,0,34,0,0,
1,1,139,0,30,0,0,
1,3,62,131,39,0,1,
1,3,51,130,34,0,0,
1,3,71,272,40,0,0,
3,1,145,0,33,0,0,
2,4,45,138,38,0,0,
3,4,53,0,42,0,0,
3,1,64,0,37,0,0,
1,4,39,0,33,0,0,
3,3,38,0,60,1,0,
1,3,85,0,28,0,0,
2,3,61,0,45,0,1,
3,1,23,127,56,0,1,
1,1,122,330,53,0,0,
3,4,72,0,37,0,0,
1,1,123,0,47,0,0,
1,1,40,0,58,1,1,
2,4,62,0,52,0,0,
1,2,113,0,46,0,1,
2,4,81,0,52,0,0,
1,4,59,0,24,0,0,
2,2,25,103,57,0,0,
2,4,25,0,66,0,1,
3,4,14,0,30,0,0,
1,1,19,0,48,0,0,
3,1,61,0,63,0,0,
1,1,21,0,48,0,0,
1,1,44,0,34,0,0,
1,3,42,0,60,0,1,
3,1,52,207,55,1,0,
1,1,112,0,50,0,0,
3,1,34,0,29,0,0,
3,2,83,245,61,0,0,
2,4,24,137,50,0,0,
2,2,71,0,37,0,1,
2,2,181,0,64,0,1,
3,4,75,102,43,0,0,
1,2,153,0,39,0,0,
2,2,75,0,23,0,1,
2,4,19,0,34,0,0,
2,4,31,0,29,0,1,
1,3,178,0,33,1,0,
1,2,65,220,60,0,1,
1,1,8,97,49,0,0,
1,2,92,0,54,0,0,
1,4,145,198,59,0,0,
3,1,85,272,42,0,0,
1,1,149,0,62,0,0,
2,4,9,100,63,0,1,
3,2,164,422,57,0,1,
2,3,40,100,61,1,0,
3,1,54,0,35,0,1,
3,2,164,301,26,0,0,
1,1,140,0,33,0,0,
3,1,18,0,31,0,0,
1,4,12,0,51,1,0,
1,2,140,0,55,0,0,
3,2,24,0,38,0,1,
1,2,60,0,38,0,0,
3,2,50,0,53,0,0,
2,1,44,0,62,0,1,
2,4,51,110,35,0,0,
1,2,34,116,46,0,0,
2,2,33,0,60,0,0,
1,2,63,0,63,0,0,
3,2,22,0,43,0,0,
3,2,104,0,33,0,1,
3,3,75,0,43,0,0,
3,2,75,0,62,0,0,
3,4,62,83,48,0,1,
1,1,48,169,38,0,0,
1,2,73,0,36,0,1,
1,2,135,82,49,0,1,
3,3,61,117,61,0,1,
2,3,78,0,49,0,0,
3,3,40,0,59,0,0,
3,1,44,0,30,0,1,
1,2,45,0,44,0,0,
1,2,18,0,67,0,0,
3,4,53,174,59,0,0,
2,3,11,0,37,0,0,
2,3,38,0,50,0,0,
2,1,28,0,56,1,1,
1,2,35,88,29,0,1,
2,3,81,171,55,0,0,
3,2,90,205,48,0,0,
1,1,115,0,32,0,0,
2,1,78,0,47,0,0,
3,4,30,0,46,0,0,
1,4,39,0,33,0,1,
1,3,69,0,39,0,0,
1,3,29,79,60,0,1,
2,4,54,0,39,0,1,
1,3,60,0,34,0,1,
3,1,99,0,55,0,0,
1,3,51,0,67,0,1,
3,3,53,0,40,1,1,
2,2,111,0,44,0,0,
1,3,79,302,56,0,0,
2,1,90,0,50,0,0,
1,2,18,124,31,0,1,
1,3,73,0,66,0,0,
3,3,59,91,43,0,0,
1,2,40,0,58,0,0,
2,1,41,0,33,0,1,
3,1,53,0,33,0,0,
1,2,128,0,32,0,0,
3,2,145,0,55,0,0,
3,4,35,0,25,0,0,
3,2,28,0,40,0,0,
1,1,155,256,54,0,1,
1,2,195,0,36,0,1,
2,4,50,0,35,0,0,
3,3,48,0,44,0,1,
2,1,81,0,38,0,1,
1,1,50,0,30,0,0,
2,3,21,0,39,0,0,
1,2,142,0,35,1,0,
1,4,64,0,41,0,0,
3,1,91,0,56,0,1,
2,1,74,0,52,0,1,
3,1,182,0,29,0,0,
1,4,82,0,38,0,0,
1,4,45,0,51,0,0,
1,2,85,0,45,1,0,
1,1,133,328,51,0,0,
2,1,22,0,53,0,1,
2,4,24,0,50,0,1,
3,3,38,178,59,1,1,
3,2,80,0,57,0,0,
1,3,33,108,45,0,0,
3,4,41,147,27,0,0,
2,4,90,0,40,1,0,
3,1,89,153,39,0,1,
3,2,8,0,26,0,1,
1,1,85,0,27,0,1,
1,3,53,0,55,0,0,
3,3,20,0,64,0,0,
1,1,9,0,41,0,1,
1,4,25,0,46,0,1,
1,1,114,0,43,0,0,
3,4,41,0,24,0,0,
3,4,49,0,29,0,0,
3,4,12,0,58,0,0,
2,3,50,0,45,0,0,
2,4,30,0,53,0,0,
1,4,32,77,45,0,1,
2,4,41,0,32,0,0,
2,3,25,0,56,0,0,
1,1,29,0,31,0,0,
2,4,50,0,29,0,0,
1,3,79,0,48,0,1,
1,1,110,0,36,0,1,
2,2,40,129,36,1,0,
3,1,18,0,41,0,1,
1,1,48,0,48,0,0,
3,4,40,0,27,0,0,
2,2,19,92,33,0,0,
1,1,35,131,31,0,1,
2,2,133,0,48,0,0,
2,2,19,0,59,0,0,
1,4,83,0,41,0,0,
3,3,39,0,42,0,0,
2,3,38,0,62,0,0,
3,1,63,0,62,0,1,
2,3,85,0,51,0,0,
1,4,14,0,48,0,0,
1,4,64,0,56,0,0,
1,1,124,405,62,0,0,
1,1,20,0,53,1,1,
3,3,33,0,62,0,0,
1,3,80,0,28,0,0,
3,2,35,0,61,0,0,
1,3,74,0,48,1,0,
2,2,32,0,50,0,0,
1,4,73,241,58,0,0,
1,2,41,0,53,0,0,
2,1,18,0,65,0,0,
2,4,28,0,27,0,0,
2,1,64,0,50,0,0,
2,2,44,192,50,0,0,
1,3,109,0,41,1,0,
3,3,71,179,43,0,0,
1,2,79,0,55,1,0,
2,2,30,0,33,0,0,
1,2,82,0,44,0,1,
2,3,101,270,47,0,0,
2,2,13,0,43,0,1,
3,3,59,0,59,0,0,
1,2,64,0,65,0,1,
1,2,188,0,28,1,0,
1,2,28,148,58,0,0,
3,2,120,76,33,0,1,
1,1,131,0,24,0,0,
2,3,19,97,46,1,0,
3,4,44,0,26,1,0,
2,3,49,0,47,1,0,
3,2,99,249,32,0,0,
3,1,95,0,58,0,0,
3,4,81,0,32,0,0,
3,2,73,264,46,0,1,
1,2,193,0,35,0,1,
3,2,115,0,53,0,0,
3,2,41,0,55,0,1,
3,2,80,0,63,0,1,
2,4,90,0,45,0,1,
1,1,41,81,58,0,0,
1,2,102,0,50,0,0,
3,1,59,0,37,0,1,
3,3,69,0,25,0,0,
1,1,83,0,52,0,0,
2,3,49,0,26,0,0,
3,1,180,571,35,0,1,
3,3,61,0,58,0,1,
3,4,59,0,37,0,0,
3,4,85,0,35,0,1,
3,1,13,0,31,0,0,
2,3,151,0,58,0,0,
2,3,44,0,43,0,0,
3,3,53,154,43,0,0,
2,1,133,0,54,0,1,
3,3,31,78,53,0,0,
2,4,101,0,32,0,0,
1,3,61,0,37,0,0,
2,3,68,0,34,0,0,
1,4,21,0,51,0,0,
1,2,149,0,49,0,0,
3,1,75,0,54,0,0,
3,1,55,0,37,0,0,
1,2,81,226,57,0,1,
1,1,179,0,37,0,0,
2,2,81,0,32,0,1,
2,1,42,0,48,0,0,
1,2,199,0,44,0,0,
2,1,18,0,50,0,1,
3,1,28,0,44,0,0,
3,4,80,143,54,0,0,
2,1,79,104,37,0,0,
2,2,52,0,34,0,0,
2,2,18,0,32,0,0,
1,4,52,218,63,0,1,
3,4,15,102,56,0,0,
3,4,84,0,37,0,0,
3,1,114,0,66,0,1,
3,3,41,0,38,0,1,
1,3,29,126,35,0,0,
1,1,23,96,61,0,0,
1,1,84,0,52,0,0,
1,3,60,0,57,1,1,
2,3,13,0,47,0,0,
3,2,45,0,50,0,0,
1,1,83,0,36,0,0,
2,4,102,81,45,0,0,
3,4,58,169,58,0,0,
2,1,134,307,27,0,0,
2,3,130,0,27,0,0,
1,2,148,0,48,0,1,
2,1,92,0,46,0,0,
2,4,142,120,32,0,1,
1,4,62,0,54,0,1,
1,1,50,0,31,0,0,
3,1,29,0,42,0,0,
1,2,85,293,30,1,1,
1,4,78,0,41,0,0,
3,4,85,0,44,0,1,
2,2,89,0,37,0,0,
3,3,33,0,51,0,1,
3,1,42,0,30,0,0,
1,4,31,124,36,0,1,
2,4,143,0,65,0,0,
1,4,35,0,33,0,0,
2,1,22,0,58,0,0,
1,1,45,84,34,0,0,
1,2,119,0,38,0,0,
1,4,43,0,59,0,0,
2,3,75,0,37,0,0,
1,1,121,0,59,0,0,
3,1,63,0,47,0,0,
1,2,58,0,48,0,0,
1,3,184,0,38,0,0,
1,2,155,0,34,0,1,
2,3,69,0,44,0,0,
2,2,188,581,33,0,0,
2,3,38,0,47,1,0,
2,2,9,0,41,0,1,
3,4,69,0,36,0,1,
1,1,199,0,28,0,0,
1,1,38,0,59,0,0,
1,1,129,0,43,1,0,
2,2,59,0,56,0,0,
1,1,115,200,28,0,0,
2,4,83,0,62,0,0,
1,2,65,0,40,0,0,
1,3,72,124,34,0,0,
3,1,72,0,52,0,0,
3,3,63,221,40,0,0,
2,4,64,0,27,0,1,
1,1,194,0,52,0,0,
3,1,104,0,39,0,1,
1,1,180,550,52,0,0,
2,2,18,88,50,0,1,
3,1,93,328,40,1,1,
1,1,32,137,35,0,1,
1,3,68,0,39,1,0,
3,2,38,0,25,0,0,
2,1,115,283,33,0,0,
1,2,161,0,26,0,0,
1,2,154,94,46,0,0,
1,4,68,0,27,0,1,
3,3,44,0,55,0,0,
1,2,149,0,52,0,0,
1,1,103,0,59,0,0,
2,4,41,0,63,0,0,
1,2,113,0,61,0,0,
2,4,48,0,58,0,1,
2,4,69,0,29,0,1,
2,4,43,164,51,0,1,
3,1,19,0,59,0,0,
3,3,65,0,41,0,0,
2,3,32,0,59,0,1,
1,1,20,0,52,0,0,
3,2,25,0,39,0,0,
1,1,70,0,45,0,1,
3,4,70,0,59,0,0,
2,3,103,167,49,0,0,
1,3,162,400,48,0,0,
1,2,61,153,61,0,1,
1,1,170,0,31,0,0,
1,1,49,0,42,0,0,
3,2,108,0,35,1,0,
3,3,62,0,57,0,0,
2,3,102,0,54,0,0,
1,3,141,0,61,0,1,
1,2,8,0,60,0,0,
1,2,91,0,59,1,1,
1,3,10,0,62,0,0,
2,2,35,119,26,0,1,
3,3,71,0,41,0,1,
1,3,59,0,65,0,0,
3,2,14,0,25,0,1,
1,2,122,0,25,0,0,
1,3,81,307,27,1,1,
3,1,35,150,65,0,0,
1,2,83,75,60,1,0,
1,1,121,0,29,0,0,
1,3,35,0,32,1,0,
3,4,140,0,32,0,1,
3,1,88,0,41,1,0,
1,2,70,0,52,1,0,
3,1,63,0,40,0,0,
1,1,125,0,39,0,1,
1,4,21,0,34,0,0,
1,2,75,0,34,0,0,
1,1,38,0,34,1,0,
1,4,58,0,41,0,1,
2,3,31,0,59,0,0,
3,4,18,0,40,0,0,
2,1,29,159,52,0,1,
3,2,29,0,37,0,1,
1,3,69,247,39,0,0,
1,1,121,0,49,0,0,
3,1,64,147,63,0,1,
2,4,84,323,34,0,0,
2,3,65,0,51,0,0,
2,3,85,0,61,0,0,
1,3,44,153,56,0,0,
1,1,174,0,62,0,1,
1,1,178,0,56,0,0,
1,4,55,0,58,0,0,
2,4,25,90,58,0,1,
1,1,21,0,50,0,0,
3,3,72,0,44,0,0,
1,1,129,0,49,0,1,
3,1,18,0,31,0,0,
2,4,91,0,49,0,0,
3,1,38,144,43,0,0,
1,3,21,0,31,0,0,
3,1,38,0,66,0,1,
1,1,154,0,41,0,1,
1,1,178,207,39,0,0,
2,1,85,0,46,1,1,
1,2,93,161,57,0,0,
1,2,151,0,59,0,0,
2,4,78,236,30,1,0,
1,1,135,0,26,0,0,
1,1,40,116,46,0,0,
2,4,80,0,66,0,0,
1,2,18,0,50,0,1,
2,2,74,0,61,0,1,
3,4,94,232,37,0,0,
2,1,173,0,51,0,0,
2,4,88,0,56,0,1,
1,1,82,263,58,0,0,
1,3,54,0,41,0,0,
1,3,45,101,35,1,0,
2,1,39,0,38,0,0,
1,4,20,116,26,0,0,
3,4,93,0,35,0,1,
3,3,85,0,36,0,0,
1,3,95,0,26,0,0,
2,2,48,0,53,0,0,
3,1,22,0,56,0,1,
3,1,33,171,44,0,0,
3,2,40,156,47,0,0,
2,4,30,78,32,0,0,
1,4,22,0,52,0,1,
3,1,20,0,39,0,0,
2,3,49,0,47,0,0,
2,3,25,0,35,1,0,
1,2,150,0,26,0,1,
1,4,32,0,43,0,0,
1,2,9,0,52,0,0,
3,2,23,0,30,1,0,
1,4,18,0,36,0,1,
2,3,42,121,48,0,0,
1,1,39,153,36,0,0,
2,4,84,0,58,0,0,
3,3,101,150,35,0,0,
1,4,43,0,59,0,1,
1,4,28,130,36,0,0,
1,2,59,155,45,0,0,
3,4,29,146,56,0,0,
1,2,39,101,46,0,0,
3,4,42,0,26,1,0,
1,4,24,0,37,0,0,
3,3,62,0,44,0,1,
1,4,33,142,44,0,1,
1,1,73,135,33,0,0,
1,2,88,121,34,0,0,
1,3,58,0,35,0,0,
3,2,48,0,48,0,0,
2,1,40,0,58,0,0,
1,1,160,249,30,0,0,
1,3,39,0,62,0,0,
1,1,53,0,40,0,1,
2,3,32,0,42,0,1,
2,3,32,0,43,0,0,
1,2,11,96,58,0,0,
3,2,123,0,36,0,0,
3,4,184,612,29,0,0,
2,3,60,142,49,0,1,
3,3,41,0,60,0,1,
1,2,99,0,58,0,1,
2,3,83,0,50,0,1,
1,2,134,0,46,0,0,
2,2,85,0,45,0,0,
1,3,41,179,32,0,0,
3,1,44,0,42,1,1,
1,1,62,0,30,0,1,
1,1,149,0,60,0,0,
3,2,115,0,46,1,1,
1,3,25,0,32,0,0,
1,2,84,0,56,0,0,
3,2,81,225,56,0,0,
1,1,181,230,30,0,0,
3,1,62,0,52,0,0,
3,1,11,80,31,0,1,
3,4,60,217,37,0,0,
3,1,42,144,30,0,1,
2,4,83,0,29,0,1,
1,1,109,0,49,0,0,
1,1,70,217,49,0,0,
1,2,25,113,65,0,0,
3,3,72,218,54,0,1,
1,2,183,0,36,0,0,
1,4,44,0,56,0,1,
1,4,52,0,34,0,0,
2,4,18,0,33,0,0,
1,4,40,135,59,0,0,
2,3,174,590,49,0,0,
2,4,41,0,61,0,0,
1,2,81,313,31,0,0,
1,1,128,0,45,0,0,
2,3,135,0,35,0,0,
2,2,65,260,37,0,0,
1,2,145,119,58,0,0,
3,2,65,0,49,0,1,
1,1,119,0,63,1,0,
1,2,124,0,55,0,0,
3,4,33,0,38,1,1,
1,1,41,0,45,0,0,
1,1,105,0,44,0,1,
1,2,130,0,58,0,0,
3,4,80,0,56,0,0,
2,1,115,0,37,0,1,
3,2,62,0,50,0,0,
3,1,165,541,34,0,0,
2,3,34,128,51,0,0,
3,1,18,121,49,0,0,
1,1,44,0,33,0,0,
2,1,25,142,61,0,0,
3,2,52,0,41,0,0,
2,4,133,342,50,0,1,
1,2,71,0,41,0,1,
3,4,61,0,38,0,0,
3,2,62,118,51,0,1,
3,3,33,0,63,0,1,
2,2,28,0,55,0,1,
1,4,53,187,46,0,0,
2,3,69,0,27,0,1,
1,2,165,0,59,0,0,
3,3,75,0,26,0,0,
1,3,54,0,61,0,0,
3,1,142,0,44,0,0,
3,4,53,0,53,0,0,
1,1,41,0,34,0,0,
1,4,43,98,40,0,0,
1,3,79,0,56,0,0,
3,2,24,140,57,0,0,
1,3,73,0,43,1,1,
3,3,129,0,38,0,1,
3,3,50,0,60,0,1,
1,2,28,0,54,0,0,
3,4,64,0,51,0,0,
3,3,49,0,41,0,1,
1,1,121,158,25,0,0,
3,3,58,0,58,0,0,
3,3,51,0,61,0,0,
1,4,61,0,56,1,1,
3,1,35,120,43,1,0,
3,3,39,0,42,1,1,
3,1,74,0,48,1,0,
1,2,201,0,45,0,1,
1,2,81,0,40,0,0,
1,1,44,0,43,0,0,
3,1,19,96,52,0,0,
3,4,85,299,54,0,0,
1,4,74,0,26,0,0,
2,3,54,0,26,0,0,
1,2,58,0,33,0,0,
2,2,18,119,40,0,1,
1,1,88,243,64,0,1,
1,3,19,89,62,0,0,
3,1,49,128,54,0,0,
2,3,101,0,34,0,0,
1,2,138,0,40,0,0,
2,2,25,0,41,0,1,
1,1,120,0,48,0,0,
1,2,153,0,46,0,0,
2,1,28,94,51,1,0,
3,1,110,0,30,0,0,
1,1,94,0,65,0,1,
2,1,48,0,49,0,1,
1,2,123,0,29,0,0,
2,4,33,82,36,1,0,
2,2,42,110,50,0,1,
1,3,68,0,41,0,1,
3,4,28,91,42,0,1,
3,3,42,0,37,0,1,
1,1,28,0,31,0,1,
1,3,73,0,40,0,1,
1,2,89,0,36,0,0,
2,4,82,0,64,0,0,
2,2,83,0,37,0,1,
2,1,121,0,43,0,1,
3,1,28,98,57,0,0,
1,2,39,0,62,0,0,
2,3,110,109,63,0,0,
3,1,55,0,57,0,0,
1,1,111,0,59,0,0,
1,1,94,0,47,0,1,
3,2,85,0,26,0,1,
1,2,81,0,59,0,0,
3,3,94,0,45,0,0,
1,1,162,0,33,0,1,
3,4,80,0,61,0,0,
2,3,70,116,54,0,1,
1,3,19,0,46,0,0,
2,2,112,0,28,0,0,
1,1,109,308,52,0,1,
2,1,12,0,26,0,0,
2,3,33,0,49,0,0,
1,2,49,106,42,0,1,
2,1,42,0,51,0,0,
1,2,41,108,39,0,1,
1,1,43,0,44,0,1,
1,4,64,249,29,0,1,
1,1,19,0,47,0,1,
3,1,65,0,53,0,1,
3,4,53,0,29,0,0,
1,3,32,75,47,0,0,
1,3,22,0,45,0,1,
3,2,39,0,63,0,1,
3,4,59,0,39,1,1,
3,2,50,0,29,0,1,
3,1,19,0,50,0,0,
2,1,55,197,51,1,0,
3,1,81,0,58,0,0,
3,3,108,0,39,0,1,
3,3,122,0,46,0,1,
3,2,98,306,32,0,0,
1,1,110,0,53,0,0,
2,1,33,78,29,0,0,
1,1,34,143,41,0,0,
2,1,69,0,41,0,0,
1,4,41,0,58,0,1,
3,2,60,250,45,0,0,
2,2,95,0,37,0,1,
3,1,73,0,58,1,0,
3,3,41,148,58,0,1,
3,4,68,0,31,0,0,
2,4,64,0,59,0,1,
2,4,29,0,38,0,0,
2,1,31,0,29,0,1,
3,3,54,0,40,0,0,
3,4,63,0,57,0,0,
2,1,92,213,50,0,1,
1,3,135,0,29,0,1,
1,2,195,122,34,0,0,
1,4,45,0,36,0,1,
1,1,72,0,51,0,0,
3,4,98,0,27,0,1,
2,3,30,162,48,0,0,
3,1,78,0,32,0,0,
2,3,43,159,48,0,0,
1,1,85,136,34,0,1,
3,1,38,0,24,0,0,
3,4,58,219,55,0,1,
2,1,92,100,51,0,1,
3,4,13,0,30,0,0,
1,2,218,0,45,0,0,
3,3,75,0,64,0,0,
3,1,40,0,29,0,0,
1,4,15,85,30,0,0,
3,2,24,0,63,0,0,
2,3,49,0,65,0,0,
1,3,83,0,28,0,1,
2,4,179,0,49,0,0,
2,1,112,0,52,0,0,
2,1,183,0,36,0,0,
2,1,158,0,36,0,1,
2,4,111,0,42,0,0,
2,2,185,574,28,0,0,
1,1,83,0,62,0,0,
1,3,139,0,38,0,0,
2,2,114,0,45,0,0,
3,2,114,0,49,0,0,
2,4,129,0,44,0,0,
2,1,158,0,41,0,0,
2,1,164,0,41,0,0,
3,3,80,231,42,0,0,
3,3,122,0,46,0,0,
3,2,132,0,26,0,1,
3,2,108,0,35,1,0,
2,2,113,0,59,0,0,
2,3,140,0,33,0,1,
2,1,182,0,48,0,0,
1,3,133,0,64,0,0,
3,2,140,0,42,0,0,
2,2,187,581,33,0,0,
2,2,141,0,35,0,0,
1,3,141,0,36,0,1,
2,1,164,0,33,0,0,
1,3,123,0,43,0,0,
1,4,138,198,57,0,0,
2,3,165,0,61,0,0,
2,2,181,442,28,0,0,
1,1,104,0,31,0,0,
2,3,115,0,30,0,0,
3,4,163,0,34,0,0,
1,3,162,301,41,0,0,
2,2,131,433,55,0,0,
2,2,142,0,45,0,0,
3,2,105,0,33,0,0,
2,1,103,0,50,0,0,
2,4,110,0,29,0,0,
3,1,170,551,34,0,0,
2,2,131,178,63,0,0,
2,3,152,0,42,0,0,
2,2,182,0,61,0,0,
3,3,188,127,46,0,0,
1,3,125,0,43,0,0,
1,3,161,442,47,0,0,
2,1,188,280,35,0,0,
1,4,94,119,64,0,0,
3,4,193,206,42,0,1,
2,1,180,570,35,0,0,
2,2,118,247,38,0,1,
2,3,129,0,26,0,0,
1,4,104,0,46,0,0,
2,3,165,445,44,0,0,
1,2,190,0,56,0,0,
1,3,178,310,50,0,0,
2,3,133,0,44,0,0,
1,1,99,0,60,0,0,
1,2,179,0,35,0,0,
2,2,94,0,47,0,0,
3,3,100,0,54,0,0,
1,2,141,0,62,0,0,
1,3,128,84,42,0,0,
2,2,134,0,62,0,0,
3,2,168,109,58,0,0,
2,3,169,171,52,0,1,
2,3,185,600,30,0,0,
3,3,152,0,60,0,0,
1,2,173,0,49,0,0,
3,2,115,0,49,0,0,
1,1,120,0,29,0,1,
2,2,134,0,55,0,0,
2,1,191,0,30,0,0,
3,2,120,75,33,0,0,
2,3,193,584,51,0,0,
2,2,118,0,28,0,0,
2,3,179,0,52,0,0,
1,3,144,197,59,0,0,
2,3,149,0,58,0,0,
2,1,152,363,49,0,0,
2,1,166,0,38,0,0,
2,2,180,0,52,0,0,
1,2,134,184,27,0,0,
1,3,170,0,27,0,0,
3,2,175,534,43,0,0,
2,1,130,0,50,0,0,
2,1,120,0,61,0,0,
1,3,159,210,51,0,0,
2,1,123,0,36,0,0,
3,2,189,584,45,0,0,
3,1,139,0,50,0,0,
2,2,132,307,52,0,0,
3,3,92,0,37,0,0,
3,1,141,0,33,0,0,
1,3,180,0,36,0,0,
2,2,182,0,36,0,0,
2,3,98,126,62,0,0,
2,4,114,0,28,0,0,
2,3,121,429,43,0,0,
2,3,154,350,61,0,1,
2,1,184,0,33,0,0,
2,4,115,0,28,0,0,
2,2,141,0,34,0,0,
1,3,126,342,55,0,1,
2,3,122,0,45,0,0,
1,3,113,0,35,0,0,
2,4,114,0,28,0,0,
1,3,151,0,35,0,0,
2,2,189,0,51,0,0,
2,1,132,0,53,0,0,
2,2,113,0,28,0,0,
2,1,159,0,41,0,1,
2,2,141,0,43,0,0,
2,1,114,0,47,0,0,
3,1,179,0,49,0,0,
1,2,105,0,32,0,0,
3,3,102,0,46,0,0,
1,2,179,295,53,0,0,
1,2,159,285,42,0,0,
3,3,133,0,29,0,0,
2,2,132,307,43,0,0,
3,2,153,0,60,0,1,
1,3,170,318,42,0,0,
2,2,187,343,51,0,0,
2,2,182,0,50,0,0,
3,2,141,0,34,0,0,
3,1,127,0,61,0,0,
1,3,130,0,55,0,0,
1,3,173,313,49,0,0,
3,4,162,0,34,0,0,
2,2,180,0,51,0,0,
3,3,190,124,45,0,0,
2,2,94,0,48,0,0,
3,3,160,0,34,0,0,
2,2,141,0,42,0,0,
1,3,169,307,47,0,0,
2,2,140,0,52,0,0,
2,1,133,170,27,0,0,
2,1,118,78,36,0,0,
2,2,171,569,33,0,0,
2,2,183,467,53,0,0,
1,3,171,567,40,0,0,
1,3,185,0,43,0,0,
3,2,171,103,54,0,0,
2,3,178,0,60,0,0,
2,1,172,0,54,0,0,
2,1,181,293,48,0,0,
3,1,157,0,54,0,0,
3,3,125,431,40,0,0,
3,3,160,0,34,0,0,
2,1,123,0,35,0,0,
1,3,171,0,28,0,0,
2,2,192,0,28,0,0,
1,4,168,420,51,0,0,
1,3,94,132,65,0,1,
1,1,135,183,27,0,0,
2,1,188,276,35,0,0,
3,2,133,87,47,0,0,
2,3,194,522,61,0,0,
2,2,106,0,33,0,0,
2,1,110,0,54,0,0,
1,3,111,0,42,0,0,
2,1,180,0,50,0,0,
2,1,182,0,28,0,0,
3,1,179,0,34,0,0,
2,1,135,90,34,0,0,
2,1,83,0,31,0,0,
2,3,125,0,29,0,0,
2,2,152,0,55,0,0,
1,2,134,0,29,0,0,
2,2,139,0,42,0,0,
2,2,168,0,34,0,0,
3,1,115,0,49,0,0,
2,2,163,0,43,0,0,
2,1,124,0,59,0,0,
2,1,133,0,54,0,0,
1,3,183,0,37,0,0,
2,3,143,0,64,0,0,
2,1,153,0,60,1,0,
1,3,178,0,33,0,0,
3,1,103,253,53,0,0,
2,2,126,172,63,0,0,
2,3,65,220,42,0,0,
3,2,165,0,55,0,0,
1,2,173,0,49,0,0,
2,3,100,0,53,0,0,
2,2,138,0,41,0,0,
1,3,178,0,35,0,0,
2,4,108,0,29,0,0,
2,1,132,0,54,0,1,
2,1,181,470,55,0,0,
3,1,169,264,33,0,0,
2,2,167,245,41,0,0,
2,3,120,249,37,0,1,
1,1,152,352,51,0,0,
2,2,94,0,61,0,0,
3,2,118,0,53,0,0,
2,1,119,0,40,0,0,
2,2,133,0,56,0,0,
2,1,140,0,47,0,0,
3,1,191,300,49,0,0,
2,2,127,232,40,0,1,
2,1,141,0,43,0,0,
2,3,112,0,29,0,0,
2,2,131,100,33,0,1,
1,3,154,420,43,0,0,
1,2,99,0,40,0,0,
2,2,143,204,48,0,0,
2,2,183,0,36,0,0,
1,4,103,116,60,0,0,
2,1,128,0,44,0,0,
2,4,116,0,30,0,0,
1,3,178,0,34,0,0,
3,2,124,0,46,0,0,
2,2,185,214,30,0,0,
2,3,169,172,53,0,1,
2,2,135,417,34,0,0,
2,3,122,0,45,0,1,
1,4,147,0,47,0,0,
2,2,187,580,32,0,0,
2,2,174,252,36,0,0,
2,3,182,0,48,0,0,
2,3,108,0,54,0,0,
2,1,172,0,54,0,0,
2,3,151,0,58,0,0,
3,1,164,0,34,0,0,
1,3,143,196,59,0,0,
1,3,140,204,53,0,0,
2,2,154,0,52,0,0,
3,1,125,0,61,0,0,
2,4,165,0,62,0,0,
3,3,119,0,32,0,0,
2,3,94,0,53,0,0,
2,2,184,0,43,0,1,
2,2,178,466,54,0,0,
3,3,168,116,53,0,0,
2,3,71,0,37,0,0,
2,1,139,174,27,0,0,
1,4,172,282,62,0,0,
1,3,172,426,53,0,0,
2,1,140,0,47,0,0,
2,3,127,0,32,0,0,
1,2,173,0,48,0,0,
3,3,152,0,60,0,0,
2,1,110,0,62,0,0,
3,2,115,0,52,0,0,
2,2,98,0,56,0,0,
2,3,173,0,32,0,1,
1,3,153,0,34,0,0,
1,1,98,165,32,0,0,
1,3,130,84,41,0,0,
2,3,159,312,45,0,0,
2,2,127,0,32,0,0,
2,2,182,368,58,0,0,
2,1,104,0,28,0,0,
2,3,110,0,36,0,0,
2,2,125,171,63,0,0,
2,1,168,0,35,0,0,
1,3,133,0,64,0,0,
2,3,169,165,47,0,0,
2,2,89,0,62,0,0,
2,2,167,106,61,0,0,
2,1,151,352,49,0,0,
2,1,91,0,29,0,0,
1,1,133,307,35,0,0,
1,1,104,0,31,0,0,
2,2,136,0,55,0,0,
1,2,135,0,61,0,0,
1,2,149,0,47,0,0,
2,4,163,312,46,0,0,
3,1,97,147,31,0,0,
1,1,104,0,63,0,0,
1,3,189,0,54,0,0,
2,2,175,252,36,0,0,
2,1,137,85,36,0,0,
1,3,163,229,54,0,0,
2,3,190,0,59,0,0,
3,2,108,0,35,1,0,
2,1,119,0,37,0,0,
2,1,172,90,56,0,0,
2,3,168,297,31,0,0,
3,1,194,0,34,0,0,
2,1,186,0,33,0,0,
3,2,174,100,47,0,0,
1,3,173,0,47,0,0,
1,1,173,0,50,0,0,
2,3,129,0,54,0,0,
2,3,157,0,27,0,0,
1,3,103,0,28,0,0,
3,1,179,0,49,0,0,
3,1,181,586,44,0,0,
2,3,190,263,36,0,0,
1,3,133,0,63,0,1,
2,2,186,581,33,0,0,
2,3,122,252,37,0,1,
1,2,171,322,53,0,0,
2,1,182,0,47,0,0,
3,2,176,396,56,0,0,
2,1,142,0,45,0,0,
2,2,130,0,60,0,0,
2,3,134,0,31,0,0,
2,2,171,0,26,0,0,
2,2,94,212,43,1,0,
2,4,115,0,28,0,0,
3,4,165,0,63,0,0,
2,1,162,0,42,0,1,
1,3,122,83,43,0,0,
2,2,183,581,33,0,0,
1,2,111,0,43,0,0,
2,1,172,90,58,0,0,
1,2,190,0,56,0,0,
2,3,162,0,44,0,1,
1,2,75,0,44,0,0,
3,3,128,438,28,0,0,
3,1,139,0,49,0,0,
3,3,99,0,54,0,0,
1,2,89,110,57,0,0,
1,3,163,302,44,0,0,
3,3,178,233,45,0,0,
2,2,171,0,29,0,0,
2,1,119,0,34,0,0,
2,4,131,340,50,0,0,
2,4,154,0,39,0,0,
2,3,186,0,42,1,0,
2,3,178,0,62,0,0,
3,1,114,0,48,0,0,
3,1,180,150,34,0,0,
3,3,154,0,53,0,0,
1,2,120,346,55,0,1,
2,1,93,0,48,0,0,
2,4,149,0,58,0,0,
2,1,133,0,54,0,0,
1,3,74,0,32,0,1,
2,2,131,0,54,0,0,
2,2,139,189,61,0,0,
2,1,169,562,34,0,0,
2,3,189,587,52,0,0,
1,3,137,212,45,0,0,
1,3,170,0,26,0,0,
2,1,153,0,60,0,1,
3,1,114,0,48,0,0,
2,2,108,0,35,0,0,
1,2,131,0,56,0,0,
3,1,181,0,35,0,0,
1,4,172,428,52,0,0,
2,3,110,0,36,0,0,
2,3,155,0,39,0,1,
1,2,171,0,47,0,1,
3,2,189,587,52,1,0,
2,4,134,0,30,0,0,
3,3,178,0,52,0,0,
2,3,189,0,51,0,0,
3,1,168,0,38,0,0,
2,3,166,445,43,0,0,
2,2,147,352,40,0,0,
2,1,172,0,54,0,0,
2,3,164,233,55,0,1,
3,3,131,130,46,0,0,
2,3,154,0,52,0,0,
1,2,128,205,28,0,0,
2,3,165,0,33,0,0,
2,2,183,0,36,0,0,
1,1,153,352,52,0,0,
1,4,161,236,62,0,0,
2,3,127,116,59,0,0,
3,2,134,89,48,0,0,
3,1,168,0,38,0,0,
2,2,139,0,42,0,0,
2,1,172,0,50,0,0,
2,3,139,0,41,0,0,
2,3,165,0,33,0,0,
2,2,118,0,30,0,0,
2,2,175,0,41,0,0,
2,1,182,165,41,0,0,
2,4,152,0,28,0,0,
2,1,181,229,35,0,1,
1,2,176,310,50,0,0,
3,1,155,0,33,0,0,
2,1,123,0,35,0,0,
2,4,180,299,41,0,0,
1,2,184,0,33,0,0,
3,2,143,0,32,0,0,
2,3,144,0,64,0,0,
1,1,83,96,46,0,0,
2,2,153,0,60,0,0,
3,3,101,0,56,0,0,
2,1,172,90,56,0,0,
3,1,99,254,59,0,1,
1,2,147,355,41,0,0,
1,2,132,307,37,0,0,
2,1,124,0,33,0,0,
3,1,110,0,60,0,0,
2,2,170,249,36,0,0,
2,3,178,426,49,0,1,
2,2,81,0,31,0,0,
2,3,114,0,29,0,0,
1,3,189,187,53,0,1,
2,3,111,0,43,0,0,
2,1,90,0,52,0,0,
3,2,133,0,29,0,0,
3,1,164,0,53,0,0,
1,3,140,0,60,0,0,
3,4,118,0,30,0,0,
1,3,143,210,45,0,0,
1,3,94,133,65,0,1,
3,1,174,162,43,0,0,
3,2,118,211,48,0,0,
2,2,143,293,53,0,0,
3,3,152,0,60,0,0,
1,3,148,210,46,0,0,
2,3,160,409,49,0,0,
2,3,121,0,58,0,0,
2,2,154,0,33,0,0,
3,3,162,306,38,0,0,
3,3,152,0,59,0,0,
2,2,163,0,44,0,1,
2,2,140,0,42,0,0,
2,3,156,0,29,0,0,
2,1,110,0,61,0,0,
2,3,111,0,42,0,0,
2,3,108,0,54,0,0,
1,3,185,0,43,0,0,
1,2,134,184,27,0,0,
3,1,202,0,36,0,0,
2,1,170,0,28,0,0,
2,2,191,0,43,0,0,
1,4,97,117,62,0,0,
1,3,178,143,34,0,0,
1,1,157,0,41,0,1,
2,3,162,314,46,0,0,
1,4,98,117,61,0,0,
2,2,176,372,48,0,0,
1,3,161,218,51,0,0,
2,2,172,328,55,0,0,
2,1,123,0,32,0,0,
1,4,83,0,49,0,0,
2,2,91,0,54,0,0,
2,2,131,0,26,0,0,
1,3,131,307,43,0,0,
3,2,172,169,52,0,1,
2,2,181,297,51,0,0,
2,3,150,447,38,0,0,
2,2,112,78,38,0,0,
2,3,194,0,26,0,0,
2,2,141,0,35,0,1,
1,3,134,208,49,0,0,
1,2,146,356,38,0,0,
1,3,122,302,34,0,0,
2,1,163,0,42,0,1,
2,2,188,238,47,0,0,
2,1,162,0,41,0,0,
2,1,173,0,51,0,0,
2,1,133,0,54,0,0,
2,2,193,0,51,0,0,
1,3,110,371,55,1,0,
2,1,105,0,51,0,0,
3,2,162,245,49,0,1,
2,3,99,327,45,0,0,
2,1,182,262,34,0,0,
3,1,183,175,64,0,1,
2,2,154,351,60,0,0,
1,3,149,0,35,0,0,
2,1,180,0,50,0,0,
2,2,145,0,55,0,0,
2,2,111,0,43,0,0,
1,3,152,0,36,1,0,
2,2,168,0,38,0,0,
3,3,128,0,44,0,0,
3,1,128,0,61,0,0,
2,1,98,295,63,0,0,
2,3,151,0,58,0,0,
1,3,159,437,46,0,0,
2,1,162,0,56,0,0,
2,2,139,421,36,0,0,
1,3,150,0,36,1,0,
2,3,102,327,48,0,0,
3,2,114,0,48,0,0,
3,1,177,0,47,0,0,
2,2,143,0,64,0,0,
2,1,201,0,39,0,0,
2,3,183,0,30,0,0,
2,2,118,0,30,0,0,
1,1,104,0,29,0,0,
1,1,138,0,38,0,0,
2,1,154,0,63,1,0,
2,3,83,0,45,0,0,
3,2,178,149,48,0,0,
1,3,180,140,31,0,0,
1,1,103,0,42,0,0,
2,1,199,0,43,0,0,
3,3,152,0,59,0,0,
1,1,136,181,27,0,0,
2,2,111,0,44,0,0,
2,2,184,353,62,0,0,
3,3,110,0,35,0,0,
2,2,102,0,44,0,0,
1,2,136,212,45,0,0,
2,1,176,466,56,0,0,
2,3,110,0,28,0,0,
3,2,131,0,27,0,0,
2,3,133,0,35,0,0,
1,3,156,413,45,0,0,
2,1,154,351,55,0,0,
1,3,121,0,57,0,0,
2,1,173,0,52,0,0,
1,3,173,0,40,0,0,
2,1,117,117,58,0,0,
2,1,111,0,61,0,0,
1,2,104,0,27,0,0,
3,1,145,0,33,0,0,
1,2,128,206,28,0,0,
2,3,183,0,30,0,0,
3,2,108,0,35,0,0,
2,1,158,0,36,0,1,
2,1,181,0,46,0,0,
2,2,141,0,42,0,0,
3,2,184,242,46,0,0,
1,2,168,0,41,0,0,
1,4,113,0,39,0,1,
2,3,178,145,44,0,0,
2,1,170,100,59,0,0,
2,3,167,0,33,0,0,
2,1,173,0,53,0,0,
2,2,134,0,62,0,0,
2,4,83,0,43,0,0,
2,2,125,0,45,0,0,
2,1,119,0,60,0,0,
1,4,126,268,43,0,0,
1,4,174,427,52,0,0,
1,3,135,0,29,0,1,
2,2,179,450,37,0,0,
2,2,107,0,27,0,0,
2,2,123,0,35,0,0,
2,2,120,0,54,0,0,
1,3,113,0,56,0,0,
1,3,184,0,44,0,0,
2,1,115,81,41,0,0,
1,3,148,0,29,0,0,
3,1,158,0,40,0,0,
2,2,159,248,52,0,1,
2,2,171,0,27,0,0,
2,3,145,0,55,0,0,
3,2,133,80,36,0,0,
2,1,190,0,52,0,0,
2,3,168,0,58,0,0,
2,2,169,0,45,0,0,
1,3,178,0,34,0,0,
1,3,118,304,41,0,0,
2,1,129,0,62,0,0,
1,4,115,301,34,0,1,
2,1,172,0,54,0,0,
2,1,178,178,63,0,1,
2,2,89,216,40,0,0,
2,1,123,0,36,0,0,
2,1,162,0,40,0,0,
3,1,114,0,48,0,0,
2,2,172,0,57,0,0,
2,2,141,0,35,0,0,
2,3,162,0,44,0,1,
3,4,161,0,34,0,0,
1,3,105,364,50,0,0,
3,2,165,0,55,0,0,
1,4,140,379,60,0,0,
3,1,159,0,56,0,0,
2,1,181,544,59,0,0,
2,2,131,0,55,0,0,
3,3,131,0,31,0,0,
1,3,167,313,48,0,0,
1,1,75,0,44,0,0,
3,1,137,101,37,0,0,
2,2,131,0,55,0,0,
2,2,151,0,58,0,0,
2,2,125,427,30,0,0,
2,2,183,0,33,0,0,
2,3,182,0,47,0,0,
3,1,140,0,49,0,0,
3,3,94,0,60,0,0,
3,4,167,0,63,0,0,
1,3,131,306,54,0,0,
2,1,106,153,27,0,0,
1,4,120,377,62,0,0,
2,1,172,0,54,0,0,
2,2,130,253,36,0,0,
2,1,191,0,56,0,0,
3,3,132,124,36,0,0,
2,4,164,312,46,0,0,
1,2,171,0,47,0,1,
1,3,113,0,35,0,0,
3,1,176,161,41,0,0,
1,1,97,359,48,1,0,
3,3,157,0,55,0,0,
2,1,179,0,33,0,0,
2,2,182,0,28,0,0,
2,2,139,421,36,0,0,
2,2,146,0,55,0,0,
1,3,155,425,44,0,0,
3,3,152,0,59,0,0,
2,3,148,0,58,0,0,
3,2,169,105,61,0,0,
1,3,153,459,44,0,0,
2,1,114,0,45,0,0,
2,1,117,115,59,0,0,
2,4,167,0,64,0,0,
1,3,173,0,40,0,0,
2,2,196,0,49,0,0,
2,3,119,163,37,0,0,
2,2,137,287,51,0,0,
2,2,185,0,41,0,0,
3,1,192,201,60,0,0,
1,2,132,0,63,0,0,
1,3,153,435,42,0,1,
2,2,184,568,35,0,0,
2,1,182,0,46,0,0,
1,3,147,0,29,0,0,
3,1,114,0,47,0,0,
2,2,177,253,36,0,0,
1,3,124,0,43,0,0,
2,1,133,0,54,0,0,
2,2,171,0,29,0,0,
2,3,107,302,59,0,0,
2,4,170,297,37,0,0,
2,1,88,0,58,0,0,
2,3,132,412,32,0,0,
1,2,179,308,50,0,0,
1,2,119,347,54,0,1,
2,3,154,0,40,0,1,
2,3,130,314,36,0,0,
3,2,141,0,33,0,0,
3,3,160,411,51,0,0,
2,2,169,106,53,0,0,
2,2,180,0,27,0,0,
2,1,191,198,58,0,0,
3,2,183,580,31,0,0,
2,3,154,0,40,0,1,
2,1,172,0,54,0,0,
2,2,97,0,46,0,0,
3,1,114,0,49,0,0,
2,1,181,541,55,0,0,
2,3,130,306,55,0,0,
2,2,192,0,28,0,0,
2,3,118,0,29,0,0,
2,1,183,223,33,0,0,
1,3,111,301,39,0,0,
2,3,133,0,51,0,0,
1,2,188,187,52,0,0,
2,1,95,145,32,0,1,
2,4,169,0,64,0,0,
2,1,191,0,31,0,0,
1,3,150,0,45,0,1,
3,1,190,0,34,0,0,
1,2,112,0,43,0,0,
2,2,83,0,60,0,0,
2,2,179,0,34,0,0,
3,1,149,365,61,0,0,
2,1,173,88,55,0,0,
1,3,158,0,56,0,0,
1,2,112,0,43,0,0,
2,3,171,169,49,0,1,
2,2,174,328,31,0,0,
2,2,86,0,52,0,0,
1,3,131,305,44,0,0,
3,2,143,0,32,0,0,
2,3,160,315,45,0,0,
2,2,187,601,50,0,0,
2,1,130,0,49,0,0,
3,4,161,0,34,0,0,
2,2,81,0,29,0,0,
3,3,133,0,28,0,0,
2,3,154,0,52,0,0,
1,3,182,0,34,0,0,
1,2,178,0,35,0,0,
1,3,140,0,40,0,0,
3,2,131,0,55,0,0,
2,2,179,0,59,0,0,
2,2,138,0,64,0,0,
2,1,191,0,30,0,0,
1,3,131,308,42,0,0,
2,3,153,352,60,0,1,
3,2,172,391,46,0,0,
2,2,155,0,30,0,0,
2,1,163,0,53,0,1,
1,2,131,211,37,0,0,
2,1,170,0,28,0,0,
1,2,98,301,61,0,0,
2,1,151,374,47,0,1,
3,2,159,0,34,0,1,
2,3,180,0,28,0,0,
2,2,96,0,40,0,0,
2,3,150,0,58,0,0,
2,3,113,0,34,0,0,
2,4,122,0,44,0,0,
2,4,113,0,28,0,0,
1,3,170,0,26,0,0,
2,4,115,0,33,0,0,
2,3,129,0,26,0,0,
1,1,111,86,47,0,0,
3,2,122,0,46,0,0,
3,4,85,0,42,0,0,
2,2,184,0,64,0,0,
2,4,129,416,37,0,0,
2,2,146,265,36,0,0,
1,3,183,0,38,0,0,
2,2,106,243,41,0,0,
2,3,149,0,31,0,0,
2,1,132,0,54,0,1,
2,4,135,127,35,0,0,
3,1,115,0,47,0,1,
1,2,134,0,29,0,0,
2,3,117,113,54,0,0,
2,3,134,0,31,0,0,
2,1,152,0,61,0,0,
2,2,168,96,58,0,0,
2,2,179,0,58,0,0,
2,2,110,0,54,0,0,
2,2,191,199,42,0,0,
3,3,134,447,27,0,0,
2,3,167,117,52,0,0,
1,3,137,212,45,0,0,
3,2,130,0,55,0,0,
1,2,171,0,39,0,1,
1,3,118,0,54,0,0,
2,1,178,179,63,0,1,
2,2,138,0,41,0,0,
1,3,140,0,37,0,0,
1,3,135,412,33,0,0,
1,4,139,291,55,0,0,
3,1,137,99,40,0,0,
2,2,138,0,41,0,0,
3,3,159,314,46,0,0,
2,2,137,421,36,0,0,
2,1,166,540,35,0,0,
1,4,113,0,37,0,0,
2,1,91,0,52,0,1,
2,3,114,0,33,0,0,
3,2,125,0,31,0,0,
2,3,118,0,54,0,0,
2,2,179,0,60,0,0,
3,2,108,0,35,1,0,
2,2,155,0,52,0,0,
3,3,112,327,56,0,0,
1,3,143,209,44,0,0,
2,1,181,0,46,0,0,
3,1,177,0,47,0,0,
1,1,83,0,61,0,0,
2,3,107,0,53,0,0,
2,3,122,313,33,0,1,
2,3,84,0,50,0,0,
2,2,168,394,45,0,0,
1,2,71,0,39,0,0,
2,2,179,0,33,0,0,
1,3,138,0,61,0,0,
2,3,173,0,31,0,1,
2,3,131,0,26,0,0,
1,2,76,0,43,0,0,
2,2,143,0,64,0,0,
2,1,114,0,47,0,0,
2,2,142,0,64,0,0,
2,1,133,307,27,0,0,
1,2,170,321,48,0,0,
2,4,115,328,56,0,0,
1,3,154,0,41,0,1,
2,4,190,194,56,0,0,
1,3,104,0,45,0,0,
2,1,175,569,34,0,0,
1,3,150,0,36,1,0,
3,1,84,0,59,0,0,
1,2,168,556,40,0,0,
1,2,171,0,47,0,1,
3,2,89,0,60,0,1,
2,1,90,0,55,0,0,
2,2,185,567,36,0,0,
2,3,140,0,33,0,1,
2,1,133,0,54,0,0,
3,3,113,0,34,0,0,
1,4,163,299,42,0,0,
1,2,134,0,29,0,0,
1,4,96,118,63,0,0,
1,3,172,0,29,0,0,
2,1,90,0,52,0,0,
1,3,149,0,46,0,0,
2,3,173,0,48,0,0,
2,2,149,0,47,0,0,
2,3,113,0,37,0,0,
1,3,140,0,38,0,0,
1,4,129,137,38,0,0,
1,1,87,0,59,0,0,
3,1,132,0,30,0,0,
3,3,133,0,28,0,0,
2,1,180,0,34,0,0,
2,2,118,161,29,0,0,
2,3,128,436,59,0,0,
2,2,128,120,63,0,0,
1,2,169,380,43,0,0,
2,1,153,0,60,0,1,
3,1,179,0,34,0,0,
2,2,178,567,35,0,0,
1,3,133,0,64,0,0,
2,2,192,0,30,0,0,
2,2,182,370,57,0,0,
2,2,181,0,27,0,0,
2,3,145,0,55,0,0,
1,2,132,0,63,0,0,
3,1,140,0,42,0,0,
3,1,152,0,49,0,0,
2,4,151,0,29,0,0,
1,2,128,201,28,0,0,
2,2,129,0,42,0,0,
2,2,183,0,29,0,0,
2,4,124,0,29,0,0,
2,2,161,317,47,0,0,
2,2,184,0,64,0,0,
2,1,177,236,35,0,0,
1,3,123,0,43,0,0,
2,4,127,0,44,0,0,
2,3,113,0,35,0,0,
3,1,165,0,35,0,0,
3,3,140,0,32,0,1,
2,1,148,0,33,0,0,
2,3,129,0,33,0,1,
1,3,182,600,49,0,0,
3,1,179,0,50,0,0,
1,2,166,395,46,0,0,
1,3,130,86,45,0,0,
2,3,182,467,52,0,0,
2,2,141,0,53,0,0,
3,1,138,108,33,0,0,
2,1,131,0,44,0,0,
2,2,185,0,64,0,0,
1,2,103,0,43,0,0,
2,2,112,0,44,0,0,
1,3,134,196,57,0,0,
1,2,130,191,27,0,0,
2,1,92,149,27,0,0,
2,3,109,0,35,0,0,
1,2,160,0,53,0,0,
1,3,111,0,42,0,0,
3,3,129,0,37,0,1,
2,3,152,354,60,0,1,
1,1,188,0,60,0,0,
2,2,140,0,52,0,0,
2,1,179,150,34,0,0,
3,2,178,0,34,0,0,
1,3,125,342,55,0,1,
2,2,180,536,48,0,0,
2,3,94,0,39,0,0,
2,2,112,0,44,0,0,
2,3,178,0,62,0,0,
3,2,190,587,53,1,0,
1,3,172,0,29,0,0,
2,2,141,0,34,0,0,
3,1,177,149,34,0,0,
1,3,161,400,48,0,0,
3,3,132,0,29,0,0,
2,2,191,0,51,0,0,
1,3,108,301,39,0,0,
1,2,141,0,61,0,0,
3,2,121,75,33,0,0,
2,1,90,0,57,0,0,
2,1,127,0,41,0,0,
3,1,162,0,51,0,0,
2,1,168,0,40,0,0,
2,1,159,0,41,0,0,
2,4,110,0,29,0,0,
3,1,123,0,35,0,0,
2,1,201,0,41,0,0,
2,3,128,0,44,0,0,
2,2,187,586,32,0,0,
2,2,182,0,36,0,0,
3,1,184,136,36,0,0,
2,1,123,0,33,0,0,
2,3,107,303,59,0,0,
2,3,160,112,61,0,0,
2,3,80,0,39,0,1,
1,2,178,0,33,0,0,
3,1,182,584,40,0,0,
1,2,178,0,33,0,0,
1,2,140,0,35,0,0,
2,4,114,0,28,0,0,
1,3,159,431,46,0,0,
2,1,111,0,54,0,0,
1,4,170,0,64,0,1,
3,3,182,0,37,0,0,
2,3,100,0,53,0,0,
2,1,132,0,62,0,0,
1,1,97,289,65,0,0,
1,2,184,0,35,0,0,
2,1,91,0,52,0,1,
3,3,143,358,30,0,0,
2,1,90,0,56,0,0,
3,1,140,0,53,0,0,
1,2,184,0,38,0,0,
2,3,124,315,32,0,1,
3,3,102,0,56,0,0,
2,3,172,229,43,0,0,
1,2,162,410,52,0,0,
2,3,193,0,28,0,0,
1,2,179,142,30,0,0,
2,1,123,0,36,0,0,
3,3,168,109,57,0,0,
2,2,116,0,53,0,0,
3,2,163,421,56,0,0,
2,2,132,306,54,0,0,
1,3,133,304,46,0,0,
3,2,130,222,47,0,0,
2,4,153,0,28,0,0,
3,2,139,0,42,0,0,
2,1,191,0,55,0,0,
2,2,130,315,29,0,0,
2,2,189,264,35,0,0,
1,1,132,0,54,0,0,
1,3,144,196,59,0,0,
2,2,91,219,40,0,0,
3,1,141,0,43,0,0,
3,2,178,378,52,0,0,
2,1,157,0,35,0,0,
2,3,122,252,37,0,1,
1,4,120,0,29,0,0,
2,2,157,0,36,0,0,
3,3,194,0,27,0,0,
2,1,173,0,56,0,0,
2,3,193,0,47,0,0,
3,2,130,228,62,0,0,
2,3,182,0,47,0,0,
1,3,139,0,60,0,0,
2,1,190,0,51,0,0,
1,4,106,0,46,0,0,
3,1,115,0,49,0,1,
2,2,134,91,48,0,0,
2,2,81,0,29,0,0,
2,2,180,0,63,0,1,
3,1,117,246,40,0,1,
1,4,109,0,45,0,0,
1,3,83,0,48,0,0,
2,1,165,0,55,0,0,
2,2,112,205,51,0,0,
2,2,183,0,36,0,0,
2,2,172,376,42,0,0,
2,4,113,0,29,0,0,
2,2,139,0,63,0,0,
2,2,168,0,43,0,0,
2,1,133,0,54,0,0,
2,1,154,0,52,0,0,
2,2,183,267,34,0,0,
1,3,111,0,42,0,0,
1,4,92,0,51,0,1,
2,3,183,0,30,0,0,
2,2,118,81,44,0,0,
1,3,171,0,29,0,0,
2,2,194,0,50,0,0,
2,1,138,0,41,0,0,
2,1,156,373,45,0,1,
2,2,179,0,34,0,0,
2,1,169,539,36,0,0,
2,3,123,113,56,0,0,
2,3,193,0,47,0,0,
2,3,78,0,36,0,1,
2,3,142,0,64,0,0,
1,2,73,0,42,0,0,
2,2,181,372,56,0,0,
1,2,188,186,51,0,0,
1,3,132,307,47,0,0,
1,3,141,0,37,0,1,
1,3,163,226,54,0,0,
1,3,122,0,44,0,0,
2,2,192,0,51,0,0,
1,3,178,143,31,0,0,
2,3,173,0,47,0,0,
2,2,192,0,28,0,0,
1,1,104,282,65,0,0,
2,3,183,0,30,0,0,
2,2,192,0,28,0,0,
2,3,139,0,41,0,0,
2,2,154,351,57,0,0,
1,1,91,299,61,0,0,
2,1,173,0,54,0,0,
2,3,86,0,30,0,0,
2,1,182,0,50,0,0,
2,2,149,0,57,0,0,
2,2,171,0,29,0,0,
2,3,148,0,60,0,0,
2,1,130,0,44,0,0,
2,1,192,0,30,0,0,
2,2,161,420,53,0,0,
2,3,100,327,46,0,0,
1,4,113,373,57,0,0,
3,3,193,0,28,0,0,
2,1,123,0,34,0,0,
1,3,140,480,39,0,0,
2,1,122,0,37,0,0,
2,2,136,0,63,0,0,
1,3,83,0,50,0,0,
3,4,141,0,34,0,0,
2,3,118,0,56,0,0,
2,3,132,0,45,0,1,
2,2,184,267,34,0,0,
2,1,133,0,30,0,0,
2,1,191,0,32,0,0,
2,1,131,0,55,0,0,
1,2,179,144,31,0,0,
2,1,128,0,41,0,0,
2,2,148,209,43,0,0,
2,3,116,160,28,0,0,
1,3,194,0,65,0,0,
2,1,191,0,56,0,0,
2,3,114,0,33,0,0,
2,3,143,0,47,0,0,
3,2,78,235,50,0,0,
2,3,160,422,29,0,1,
1,3,134,0,64,0,0,
2,1,191,0,33,0,0,
2,2,189,271,35,0,0,
2,2,182,0,26,0,0,
3,2,115,0,49,0,0,
3,1,179,0,34,0,0,
2,3,154,0,52,0,0,
2,1,158,276,41,0,0,
2,2,134,0,56,0,0,
1,3,171,321,37,0,0,
2,4,104,114,58,0,0,
3,1,114,0,49,0,0,
2,2,175,252,36,0,0,
2,2,165,305,30,0,0,
2,2,87,0,52,0,0,
2,2,133,0,54,0,0,
1,2,114,352,53,0,1,
1,1,95,300,63,0,0,
2,2,153,0,54,0,0,
1,1,92,295,65,0,0,
1,4,167,420,51,0,0,
1,3,170,311,50,0,0,
1,2,173,315,51,0,0,
2,1,165,273,35,0,0,
2,3,131,0,44,0,0,
1,3,92,0,50,0,0,
1,3,122,302,34,0,0,
2,3,190,0,51,0,0,
2,1,91,0,59,0,0,
3,2,171,238,40,0,0,
2,2,195,495,57,0,0,
1,1,98,0,59,0,0,
2,4,150,0,29,0,0,
1,3,118,0,54,1,0,
3,2,113,0,53,0,0,
3,1,164,0,54,0,0,
3,2,191,201,61,0,0,
2,2,163,0,47,0,0,
2,2,132,0,45,0,0,
2,3,154,0,38,0,0,
2,2,143,204,48,0,0,
2,1,119,0,41,0,0,
1,3,173,586,48,0,0,
2,2,141,0,34,0,1,
2,2,174,572,33,0,0,
1,2,147,0,30,0,0,
3,2,174,0,42,0,0,
2,1,164,274,36,0,0,
3,2,181,380,59,0,0,
2,2,141,0,34,0,0,
2,3,188,568,36,0,0,
2,1,170,0,56,0,0,
2,2,141,0,35,0,0,
1,3,150,0,36,1,0,
2,1,180,178,64,0,1,
1,2,165,400,51,0,0,
2,3,180,343,61,0,1,
2,1,117,79,38,0,0,
3,3,171,127,52,0,0,
3,1,133,0,30,0,0,
1,3,125,84,43,0,0,
3,1,115,0,49,0,0,
3,3,124,430,28,0,0,
2,3,195,520,61,0,0,
2,3,130,0,34,0,1,
1,1,96,160,31,0,0,
1,3,181,0,36,0,0,
3,2,168,249,38,0,0,
3,2,172,391,44,0,0,
2,1,153,0,60,1,0,
1,2,95,86,44,0,0,
2,3,194,523,62,0,0,
2,1,112,166,41,1,0,
1,3,136,212,45,0,0,
1,1,98,169,31,0,0,
3,1,163,0,52,0,0,
1,4,133,132,35,0,0,
1,2,135,212,45,0,0,
2,3,179,343,61,0,1,
3,3,133,0,28,0,0,
1,4,140,0,38,0,0,
2,1,91,0,29,0,0,
2,1,148,0,62,0,0,
2,2,131,0,55,0,0,
1,3,154,0,41,0,1,
3,1,114,0,49,0,0,
2,1,179,469,56,0,0,
2,1,121,0,32,0,0,
2,1,158,0,41,0,1,
2,2,137,0,63,0,0,
1,3,137,0,60,0,0,
2,3,123,433,56,0,0,
2,1,153,0,63,1,1,
1,3,158,0,56,0,0,
2,2,105,0,32,0,0,
1,3,139,0,60,0,0,
3,1,123,0,35,0,0,
2,2,178,0,58,0,0,
2,1,179,233,35,0,0,
2,2,164,0,44,0,0,
2,2,182,298,50,0,0,
1,3,130,0,56,0,0,
3,2,178,378,52,0,0,
2,1,118,0,29,0,0,
3,3,130,0,35,0,1,
2,3,134,0,62,0,0,
2,3,160,422,29,0,1,
1,4,120,0,29,0,0,
2,4,155,420,28,0,0,
1,2,119,0,40,0,0,
3,2,173,157,41,0,0,
2,2,106,0,52,0,0,
2,1,188,274,35,0,0,
2,1,193,476,54,0,0,
1,4,118,301,32,0,1,
2,1,153,356,52,0,0,
1,4,169,287,58,0,0,
2,2,134,0,56,0,0,
2,1,90,0,52,0,0,
2,2,184,360,62,0,0,
3,3,194,0,27,0,0,
2,1,90,0,57,0,0,
3,4,118,0,31,0,0,
3,2,178,149,48,0,0,
1,2,154,0,35,0,0,
3,1,136,95,44,0,0,
3,3,179,0,51,0,0,
2,3,101,359,46,0,0,
1,1,83,0,51,0,0,
1,2,92,88,45,0,0,
2,4,194,525,59,0,0,
3,1,192,203,61,0,0,
2,3,184,604,29,0,0,
2,2,134,0,62,0,0,
2,3,138,0,41,0,0,
3,2,169,103,62,0,0,
2,3,150,0,58,0,0,
2,2,192,0,52,0,0,
1,4,109,0,46,0,0,
1,2,98,0,29,0,0,
2,3,140,0,41,0,0,
3,2,176,0,47,0,0,
2,1,158,0,41,0,0,
1,3,123,305,42,0,0,
2,4,114,112,54,0,0,
2,1,169,0,38,0,1,
2,2,181,0,26,0,0,
2,2,170,96,63,0,0,
3,4,140,0,32,0,0,
2,3,111,0,42,0,0,
2,2,134,0,62,0,0,
2,2,132,0,47,0,0,
2,3,185,530,51,0,0,
2,2,192,0,44,0,0,
1,4,159,0,54,0,0,
2,1,121,113,56,0,0,
2,2,152,0,60,0,0,
2,2,135,0,56,0,0,
2,3,129,436,59,0,0,
2,1,103,0,50,0,0,
2,2,174,0,53,0,0,
2,1,183,0,34,0,0,
1,3,189,0,53,0,0,
2,3,108,0,54,0,0,
3,1,188,283,36,0,0,
3,2,131,219,42,0,0,
2,4,134,0,30,0,0,
2,4,104,114,58,0,0,
2,1,162,0,41,0,0,
1,1,183,0,45,0,0,
2,2,127,174,63,0,0,
2,2,130,0,61,0,0,
2,1,171,98,54,0,0,
2,1,132,0,48,0,0,
2,1,114,0,45,0,0,
2,4,168,0,64,0,0,
2,3,194,598,52,0,0,
2,1,183,543,63,0,0,
2,3,84,0,48,0,0,
1,2,187,183,50,0,1,
2,1,191,0,56,0,0,
2,2,192,0,28,0,0,
2,3,127,75,38,0,0,
2,2,123,168,59,0,0,
2,3,171,295,35,0,0,
1,1,77,154,29,1,0,
2,2,106,0,52,0,0,
2,2,181,0,51,0,0,
3,2,121,75,33,0,0,
2,2,192,0,28,0,0,
2,1,158,0,41,0,0,
1,3,131,194,29,0,0,
2,2,155,0,30,0,0,
3,2,134,89,49,0,0,
3,2,181,243,44,0,0,
3,3,132,0,29,0,0,
3,3,98,0,55,0,0,
2,1,119,0,39,0,0,
2,2,118,0,28,0,0,
2,3,182,455,41,0,1,
3,1,182,0,36,0,0,
2,1,101,291,63,0,0,
2,2,152,0,60,0,0,
2,1,188,0,60,0,0,
1,3,71,0,31,0,0,
2,1,90,0,52,0,0,
1,3,155,411,43,0,0,
2,1,103,0,50,0,0,
1,3,94,136,65,0,1,
2,3,133,0,34,0,0,
3,3,191,0,58,0,0,
2,4,141,415,30,0,0,
3,1,110,0,56,0,0,
2,2,138,0,50,0,0,
1,1,185,0,41,0,0,
3,2,162,0,34,0,0,
2,2,150,0,45,0,0,
2,2,141,0,35,0,0,
3,1,178,0,47,0,0,
2,2,162,482,49,0,0,
2,1,123,0,32,0,0,
2,2,149,421,32,0,0,
2,2,174,0,53,0,0,
3,3,99,0,54,0,0,
2,3,151,0,58,0,0,
2,3,114,304,57,0,0,
1,3,161,0,51,0,0,
3,1,114,0,48,0,0,
3,2,190,587,53,1,0,
2,3,135,0,50,0,0,
3,1,141,0,43,0,0,
2,1,119,0,39,0,0,
2,2,94,0,47,0,0,
1,3,165,0,59,0,0,
2,3,99,121,60,0,0,
2,4,185,308,46,0,0,
2,4,163,414,50,0,0,
1,4,150,0,30,0,0,
1,3,128,342,56,0,1,
2,2,133,0,48,0,0,
2,2,182,0,61,0,0,
2,1,148,0,33,0,0,
2,2,147,256,40,0,0,
2,3,193,0,49,0,0,
2,1,173,0,54,0,0,
2,1,121,0,54,0,0,
2,2,185,576,34,0,0,
1,2,149,0,47,0,0,
2,3,193,0,48,0,0,
1,4,83,0,48,0,0,
1,3,150,234,64,0,0,
1,3,101,81,45,0,0,
2,3,153,0,41,0,0,
1,3,179,0,43,0,0,
2,3,114,0,35,0,0,
2,1,152,366,48,0,0,
2,3,151,421,31,0,0,
3,2,131,0,33,0,0,
1,3,149,0,47,0,0,
2,2,113,0,58,0,0,
2,2,81,0,29,0,0,
2,2,193,0,46,0,0,
1,2,164,397,46,0,0,
2,3,129,0,32,0,0,
3,1,139,0,49,0,0,
3,2,133,0,53,0,0,
1,2,187,183,50,0,1,
1,1,103,0,42,0,0,
2,3,134,0,62,0,0,
3,1,132,0,31,0,0,
3,1,95,146,30,0,0,
1,2,131,0,55,0,0,
2,3,134,0,34,0,0,
3,2,192,0,30,0,0,
3,2,166,240,47,0,1,
1,1,132,0,54,0,0,
2,1,179,0,34,0,0,
1,1,101,0,63,0,0,
1,4,113,0,40,0,1,
1,3,124,0,43,0,0,
2,1,138,0,49,0,0,
3,3,130,0,35,0,1,
2,1,130,0,50,0,0,
1,2,139,0,40,0,0,
2,3,120,0,59,0,0,
2,1,111,0,54,0,0,
2,4,179,0,50,0,0,
2,1,179,153,35,0,0,
2,1,191,0,30,0,0,
2,3,110,0,36,0,0,
3,3,99,0,54,0,0,
2,3,111,0,42,0,0,
1,3,155,0,52,0,0,
1,2,95,86,44,0,0,
1,3,122,0,44,0,0,
2,3,181,238,51,0,0,
2,2,130,220,43,0,0,
2,2,175,369,47,0,0,
1,3,178,143,30,0,0,
3,2,128,224,42,0,1,
2,3,191,0,42,0,0,
2,2,189,243,47,0,0,
3,2,129,0,38,0,0,
1,2,179,0,37,0,0,
2,1,199,0,42,0,0,
2,2,176,372,48,0,0,
1,3,176,574,38,0,0,
3,1,169,253,35,0,0,
2,2,189,238,48,0,0,
2,3,165,445,44,0,0,
1,3,172,314,47,0,0,
1,3,190,0,42,0,0,
2,3,181,0,37,0,0,
2,1,169,271,32,0,0,
2,1,111,0,61,0,0,
2,2,107,83,46,0,0,
3,3,160,0,34,0,0,
2,3,134,0,29,0,0,
2,3,179,0,26,0,0,
2,2,100,209,46,1,0,
2,1,178,0,45,0,0,
2,4,111,320,57,0,0,
2,1,89,0,29,0,0,
1,4,178,427,49,0,0,
3,1,123,0,35,0,0,
2,1,90,0,54,0,0,
1,4,92,0,51,0,1,
2,2,120,112,54,0,0,
2,1,120,0,42,0,0,
2,3,126,0,44,0,0,
3,2,115,0,52,0,0,
2,2,133,92,46,0,0,
1,2,134,214,45,0,0,
1,3,134,211,45,0,0,
2,1,165,0,54,0,0,
1,3,133,0,64,0,1,
3,3,181,0,48,0,0,
2,2,163,0,46,0,0,
3,2,143,0,32,0,0,
2,2,188,238,47,0,0,
1,4,83,0,48,0,0,
3,1,162,0,34,0,0,
2,3,192,0,62,0,0,
3,2,142,0,32,0,0,
1,3,135,270,41,0,0,
2,1,118,0,31,0,0,
1,3,144,0,27,0,0,
2,1,165,0,39,0,0,
3,1,161,0,56,0,0,
2,1,91,0,59,0,0,
1,3,141,0,36,0,0,
2,1,162,0,41,0,0,
1,3,141,356,28,0,0,
2,1,188,277,35,0,0,
2,1,123,0,36,0,0,
1,3,141,201,50,0,0,
1,3,161,0,52,0,1,
3,3,181,0,48,0,0,
2,2,82,0,56,0,0,
2,4,182,0,29,0,0,
1,3,133,343,48,0,0,
2,2,121,207,37,0,0,
2,1,122,0,33,0,0,
2,1,123,0,36,0,0,
1,3,141,0,36,0,0,
2,1,182,587,46,0,0,
3,3,182,0,37,0,0,
1,2,80,0,31,0,1,
2,2,121,0,44,0,0,
1,4,140,0,38,0,0,
1,3,154,0,36,0,0,
3,2,192,0,31,0,0,
1,2,150,0,47,0,0,
2,3,112,0,37,0,0,
1,1,94,300,63,0,0,
2,3,104,354,46,0,0,
3,2,164,0,34,0,0,
2,1,153,0,63,1,1,
2,2,113,77,37,0,0,
2,2,134,0,62,0,0,
2,3,113,0,35,0,0,
1,3,114,0,57,0,0,
3,2,140,0,42,0,0,
1,3,141,0,36,0,0,
2,3,152,0,59,0,0,
2,2,185,582,35,0,0,
2,4,176,297,39,0,0,
1,3,137,470,34,0,0,
2,1,170,0,28,0,0,
2,1,101,291,63,0,0,
2,2,192,0,28,0,0,
1,4,110,301,37,0,1,
1,2,178,0,33,0,0,
2,2,176,536,42,0,0,
2,4,156,420,28,0,0,
1,2,119,0,54,1,0,
1,3,133,284,49,0,0,
2,2,171,0,26,0,0,
1,2,173,316,52,0,0,
3,3,132,0,44,0,0,
2,2,153,0,60,0,0,
1,3,142,292,54,0,0,
3,1,192,200,60,0,0,
3,2,184,242,46,0,0,
1,4,115,0,56,0,0,
2,2,163,415,54,0,0,
2,2,158,0,36,0,1,
1,2,121,345,55,0,1,
2,3,184,431,41,0,1,
2,2,189,0,41,0,0,
1,3,138,214,44,0,0,
3,1,191,0,33,0,0,
2,3,141,0,42,0,0,
2,2,174,589,49,0,0,
3,1,138,105,33,0,0,
1,3,144,0,27,0,0,
2,1,172,0,54,0,0,
1,1,83,0,61,0,0,
1,3,130,0,55,0,1,
2,2,120,0,54,1,0,
2,2,171,0,28,0,0,
2,1,113,83,44,0,0,
1,3,92,0,50,0,0,
2,3,160,409,49,0,0,
1,3,122,0,30,0,0,
1,1,120,0,29,0,1,
1,3,165,0,61,0,0,
2,1,113,0,51,0,0,
2,3,151,0,58,0,0,
2,3,114,0,34,0,0,
2,3,171,0,30,0,0,
3,1,107,250,51,0,1,
2,1,173,0,52,0,0,
2,2,139,300,49,0,0,
1,3,180,0,36,0,0,
3,4,160,0,34,0,0,
2,1,159,0,41,0,0,
3,1,139,0,53,0,0,
2,2,84,0,52,0,0,
1,3,110,0,43,0,0,
1,1,104,0,63,0,0,
1,3,122,0,43,0,0,
2,3,134,0,61,0,0,
1,3,168,184,61,0,0,
2,2,189,582,38,0,0,
1,3,138,0,40,0,0,
2,1,180,570,35,0,0,
2,1,123,0,36,0,0,
2,2,82,0,28,0,0,
1,2,156,0,36,0,0,
1,1,91,90,45,0,0,
3,1,115,0,49,0,0,
2,3,169,175,55,0,1,
2,2,168,0,43,0,0,
2,3,130,118,62,0,0,
2,1,153,354,53,0,0,
3,3,141,0,32,0,0,
2,1,130,0,52,0,0,
1,3,83,0,50,0,0,
2,4,134,0,29,0,0,
2,2,164,484,49,0,0,
2,1,143,0,30,0,0,
1,3,159,0,53,0,0,
3,3,152,0,59,0,0,
3,1,132,0,31,0,0,
1,3,103,0,28,0,0,
2,3,158,0,56,0,0,
2,3,159,0,30,0,0,
2,2,105,0,52,0,0,
2,1,111,0,61,0,0,
3,2,173,169,54,0,1,
2,2,180,0,61,0,1,
2,2,171,94,61,0,0,
2,2,184,358,62,0,0,
2,3,102,115,58,0,0,
1,2,106,119,60,0,1,
2,3,190,0,51,0,0,
2,3,133,0,45,0,1,
2,1,124,0,61,0,0,
2,3,181,0,36,0,0,
2,1,153,355,52,0,0,
2,1,123,0,36,0,0,
2,3,126,0,44,0,0,
2,1,179,0,46,0,0,
2,2,194,0,51,0,0,
2,3,118,0,31,0,0,
2,3,152,0,42,0,0,
2,2,180,0,63,0,1,
3,1,178,0,34,0,0,
2,3,110,78,39,0,0,
3,3,179,96,35,0,0,
3,3,123,428,32,0,0,
2,2,181,0,29,0,0,
2,3,114,0,35,0,0,
3,2,115,0,51,0,0,
2,3,162,314,46,0,0,
2,1,160,0,42,0,0,
2,3,187,569,32,0,0,
1,1,165,0,57,0,0,
2,1,121,114,57,0,0,
1,4,114,0,56,0,0,
1,2,193,0,61,0,0,
1,3,151,0,44,0,0,
2,4,115,0,29,0,0,
1,3,146,375,60,0,1,
2,2,166,0,33,0,0,
1,1,97,0,59,0,0,
2,2,117,0,30,0,0,
3,2,142,0,62,0,0,
2,3,108,0,54,0,0,
2,3,101,81,44,0,0,
1,3,183,0,37,0,0,
1,3,172,184,60,0,1,
2,1,103,285,64,0,0,
1,2,94,0,47,0,0,
1,3,175,430,46,0,0,
2,1,141,0,44,0,0,
2,1,123,0,34,0,0,
1,4,158,0,54,0,0,
1,2,170,323,51,0,0,
1,3,69,0,35,0,0,
2,2,163,0,47,0,0,
2,2,137,0,63,0,0,
2,1,123,0,34,0,0,
2,4,117,0,29,0,0,
2,3,155,0,28,0,0,
3,2,140,0,42,0,0,
2,2,182,370,56,0,0,
1,2,125,0,43,0,0,
1,2,177,0,37,0,0,
1,2,120,0,54,0,0,
2,3,193,0,49,0,0,
2,2,193,0,49,0,0,
2,2,191,0,42,0,0,
2,2,85,0,52,0,0,
1,2,133,215,45,0,0,
2,2,113,0,59,0,0,
3,4,162,0,34,0,0,
2,2,186,571,31,0,0,
1,2,140,0,35,0,0,
2,2,171,0,26,0,0,
2,2,142,0,63,0,0,
2,3,133,0,35,0,0,
2,2,134,0,60,0,0,
2,2,123,0,36,0,0,
2,2,181,0,64,0,0,
3,2,90,0,61,0,1,
2,2,192,0,30,0,0,
2,3,192,0,61,0,0,
2,2,106,293,61,0,0,
2,1,164,0,33,0,0,
2,3,125,0,43,0,0,
3,3,188,127,46,0,0,
3,4,193,208,39,0,1,
1,3,127,140,37,0,0,
1,3,132,307,53,0,0,
2,1,93,0,48,0,0,
1,3,125,0,43,0,0,
2,1,170,0,27,0,0,
2,1,136,85,37,0,0,
2,3,111,0,42,0,0,
3,1,149,367,57,0,0,
2,2,94,0,62,0,0,
2,1,85,0,58,0,0,
2,1,110,0,62,0,0,
2,3,136,0,60,0,0,
1,3,125,171,62,0,0,
2,2,143,293,53,0,0,
2,3,129,0,32,0,1,
2,1,111,0,61,0,0,
1,3,143,200,56,0,0,
2,3,176,436,28,0,1,
1,3,103,0,30,0,0,
3,1,180,0,38,0,0,
2,3,153,0,53,0,0,
2,3,121,0,44,0,0,
2,2,185,0,41,0,0,
2,1,138,0,49,0,0,
3,3,164,0,56,0,0,
3,3,181,140,50,0,0,
2,3,160,423,31,0,1,
2,1,177,466,55,0,0,
3,2,167,0,37,0,0,
2,1,168,0,39,0,0,
2,3,108,0,54,0,0,
2,3,139,0,41,0,0,
2,2,143,0,46,0,0,
1,4,120,0,29,0,0,
2,1,185,0,35,0,0,
1,2,184,0,39,0,0,
2,2,160,0,42,0,1,
2,4,192,0,49,0,0,
2,2,138,0,41,0,0,
1,1,121,0,43,0,1,
3,1,178,0,34,0,0,
2,3,155,0,52,0,0,
2,4,187,613,35,0,0,
1,3,175,184,57,0,1,
1,3,130,342,52,0,1,
2,4,161,306,46,0,0,
3,2,121,75,33,0,0,
2,2,201,0,44,0,0,
2,2,92,0,52,0,1,
2,2,193,0,51,0,0,
2,4,114,0,29,0,0,
2,2,132,307,42,0,0,
1,2,177,304,51,0,0,
3,2,174,385,47,0,0,
2,1,154,0,60,0,1,
2,2,178,0,58,0,0,
1,3,146,414,38,0,0,
2,1,193,0,53,0,0,
1,3,112,302,40,0,0,
2,1,131,0,44,0,0,
1,3,122,0,44,0,0,
1,3,184,0,33,0,0,
2,3,173,474,51,0,0,
1,2,134,0,62,0,0,
2,4,129,0,54,0,0,
3,1,112,157,41,0,0,
3,4,165,0,62,0,0,
2,3,175,0,52,0,0,
3,2,153,358,56,0,1,
2,2,175,369,46,0,0,
1,2,145,418,39,0,0,
2,3,182,0,47,0,0,
2,2,179,0,58,0,0,
3,2,143,0,32,0,0,
2,2,136,0,55,0,0,
2,1,163,0,43,0,1,
2,2,177,535,43,0,0,
3,2,133,0,53,0,0,
3,3,190,193,58,0,1,
2,2,176,572,30,0,0,
2,2,112,251,41,0,0,
2,1,154,0,60,0,0,
2,2,103,0,32,0,0,
2,3,188,587,52,0,0,
2,2,144,293,53,0,0,
2,3,133,0,44,0,0,
1,2,121,0,29,0,1,
2,2,161,420,54,0,0,
1,3,160,442,47,0,0,
1,4,171,0,62,0,1,
3,2,142,0,62,0,0,
1,3,122,0,29,0,0,
2,1,179,0,38,0,0,
1,3,112,0,58,0,0,
3,2,180,388,61,0,0,
1,1,121,0,43,0,1,
1,3,119,353,56,0,0,
3,1,180,146,32,0,0,
2,3,134,0,61,0,0,
2,1,170,0,27,0,0,
2,2,186,579,30,0,0,
2,2,175,329,30,0,0,
2,1,103,0,51,0,0,
2,2,166,0,33,0,0,
2,1,182,0,50,0,0,
1,2,147,355,40,0,0,
2,4,165,443,47,0,0,
2,3,161,0,43,0,1,
2,3,172,295,36,0,0,
2,1,150,0,48,0,0,
2,4,120,111,52,0,0,
1,3,140,0,39,0,0,
1,2,179,0,36,0,0,
2,2,168,393,45,0,0,
2,1,121,115,58,0,0,
1,3,184,0,32,0,0,
1,3,140,0,38,0,0,
2,3,113,0,34,0,0,
3,2,178,145,41,0,0,
1,3,144,202,51,0,0,
2,2,139,0,42,0,0,
2,1,186,0,62,0,0,
1,3,111,0,41,0,1,
1,1,102,0,41,0,0,
1,3,124,0,43,0,0,
2,3,156,0,54,0,0,
2,2,136,0,49,0,0,
3,2,173,109,58,0,0,
3,2,170,392,44,0,0,
2,2,166,0,46,0,1,
2,2,136,0,55,0,0,
2,2,117,0,60,0,0,
2,2,136,302,54,0,0,
3,3,133,0,28,0,0,
3,3,160,310,47,0,0,
2,1,200,0,43,0,1,
2,2,134,0,34,0,0,
2,3,151,0,31,0,0,
3,2,153,360,55,0,1,
2,2,182,0,26,0,0,
3,3,129,0,54,0,0,
2,1,122,0,32,0,0,
2,1,191,0,31,0,0,
2,2,183,0,36,0,0,
2,2,139,0,63,0,0,
3,2,191,0,57,0,0,
3,3,94,0,60,0,0,
2,1,86,0,58,0,0,
1,4,165,439,49,0,0,
2,1,153,0,60,0,1,
1,4,145,0,47,0,0,
3,1,109,250,49,0,1,
2,2,146,362,51,0,0,
2,4,185,302,43,0,0,
2,3,78,0,37,0,1,
2,3,113,0,34,0,0,
1,3,189,0,51,0,0,
1,2,147,478,43,0,0,
3,1,190,295,45,0,0,
1,2,133,212,46,0,0,
2,1,117,0,27,0,0,
2,1,132,0,62,0,0,
2,3,112,0,43,0,0,
2,1,121,0,36,0,0,
2,2,128,0,44,0,0,
2,3,151,0,58,0,0,
2,3,134,0,35,0,0,
3,2,162,0,34,0,0,
2,1,152,366,48,0,0,
2,2,110,0,54,0,0,
2,1,173,242,36,0,0,
1,2,154,0,41,0,1,
1,1,183,0,45,0,0,
1,2,178,0,33,0,0,
1,3,113,0,35,0,0,
2,1,134,171,27,0,0,
1,3,185,0,43,0,0,
3,3,129,0,54,0,0,
2,1,153,0,60,1,0,
3,1,124,0,34,0,0,
1,3,122,0,44,0,0,
2,1,189,0,33,0,0,
2,3,166,313,48,0,0,
2,3,114,329,56,0,0,
1,4,113,0,36,0,0,
2,3,83,0,52,0,0,
3,1,129,0,39,0,0,
1,3,181,0,35,0,0,
3,3,128,437,28,0,0,
1,3,171,0,28,0,0,
2,1,190,0,31,0,0,
2,2,192,0,44,0,0,
1,1,104,0,30,0,0,
1,3,130,0,56,0,0,
1,2,157,0,36,0,0,
3,2,132,0,54,0,0,
3,1,162,0,55,0,0,
2,3,122,0,45,0,0,
2,2,110,204,51,0,0,
1,3,125,0,43,0,0,
2,2,125,0,45,0,0,
2,3,141,0,42,0,0,
2,2,180,372,54,0,0,
2,2,169,0,46,0,1,
3,3,152,0,60,0,0,
2,2,133,255,35,0,0,
2,1,131,0,54,0,1,
3,2,145,0,33,0,0,
2,1,184,0,41,0,0,
2,1,133,0,54,0,0,
2,3,111,0,35,0,0,
1,1,73,231,35,0,0,
2,2,165,0,57,0,0,
2,2,90,0,62,0,0,
1,2,88,216,39,0,0,
3,1,147,0,34,0,0,
1,3,111,0,41,0,1,
2,3,129,0,31,0,0,
1,3,135,345,57,0,1,
3,1,160,0,56,0,0,
3,3,141,354,27,0,0,
1,2,170,0,28,0,0,
3,1,123,0,35,0,0,
1,3,104,0,46,0,0,
2,2,120,112,55,0,0,
2,2,184,0,43,0,1,
2,1,174,0,53,0,0,
3,1,178,0,34,0,0,
2,4,126,0,43,0,0,
1,3,109,0,46,0,0,
1,1,91,0,51,0,1,
3,2,176,0,47,0,0,
1,3,162,301,39,0,0,
2,2,135,0,35,0,0,
1,3,127,140,37,0,0,
2,2,114,0,45,0,0,
1,2,179,145,31,0,0,
3,3,183,236,47,0,0,
2,1,123,0,35,0,0,
2,1,188,274,35,0,0,
3,1,137,0,53,0,0,
2,1,118,0,29,0,0,
2,2,181,580,33,0,0,
2,2,201,0,44,0,0,
2,2,175,0,58,0,0,
2,2,166,0,42,0,0,
3,3,131,0,33,0,0,
2,2,180,0,62,0,1,
2,2,99,160,33,0,0,
2,1,172,89,56,0,0,
1,2,97,85,44,0,0,
1,3,165,0,61,0,0,
3,1,138,107,33,0,0,
3,2,118,244,39,0,1,
1,4,130,281,49,0,0,
2,3,141,0,42,0,0,
1,3,139,206,51,0,0,
2,2,128,305,55,0,0,
3,1,176,0,47,0,0,
2,1,155,0,61,0,0,
3,1,180,148,33,0,0,
2,3,172,0,30,0,1,
2,3,131,0,30,0,0,
2,1,119,0,38,0,0,
1,3,172,580,46,0,0,
2,2,185,574,27,0,0,
2,4,133,116,40,0,0,
3,2,143,0,32,0,0,
1,3,165,0,61,0,0,
2,3,97,346,42,0,0,
1,3,139,0,38,0,0,
2,3,179,0,26,0,0,
2,2,118,0,30,0,0,
2,2,192,0,30,0,0,
2,1,191,0,32,0,0,
2,1,166,0,41,0,0,
2,3,142,440,55,0,0,
1,3,114,364,56,0,0,
2,2,182,0,62,0,0,
2,4,129,135,38,0,0,
3,3,99,0,54,0,0,
3,2,108,249,42,0,0,
2,3,158,0,54,0,0,
1,2,149,0,35,0,0,
2,1,129,0,44,0,0,
2,2,133,0,47,0,0,
2,3,106,0,54,0,0,
3,1,179,0,49,0,0,
3,1,115,0,48,0,1,
2,3,172,0,31,0,1,
2,3,161,109,62,0,0,
1,3,161,443,47,0,0,
2,2,123,0,36,0,0,
1,2,128,208,28,0,0,
1,3,141,357,29,0,0,
3,3,175,232,43,0,0,
1,3,160,234,63,0,0,
1,3,154,0,36,0,0,
2,1,171,0,26,0,0,
2,2,157,277,42,0,1,
3,3,131,0,29,0,0,
3,2,148,0,62,0,0,
2,3,132,0,33,0,0,
2,1,101,254,58,0,1,
2,1,172,0,55,0,0,
1,3,153,414,42,0,0,
2,2,112,0,60,0,0,
1,1,102,0,63,0,0,
1,4,144,208,47,0,0,
3,3,124,0,46,0,0,
2,3,129,0,26,0,0,
2,3,130,0,26,0,0,
2,3,117,0,54,0,0,
2,2,137,0,63,0,0,
2,2,168,0,37,0,0,
2,1,201,0,43,0,0,
1,3,123,0,43,0,0,
2,3,128,311,55,0,0,
1,2,103,369,52,1,0,
3,1,125,116,60,0,0,
2,1,192,0,30,0,0,
1,4,164,299,42,0,0,
2,3,137,230,63,0,0,
3,2,104,151,36,0,0,
2,3,169,170,51,0,1,
2,1,104,284,64,0,0,
2,4,116,0,29,0,0,
2,1,118,0,27,0,0,
2,2,154,0,52,0,0,
2,3,171,231,46,0,1,
1,4,170,0,60,0,0,
2,2,140,0,42,0,0,
2,2,153,0,60,0,0,
2,2,187,535,63,0,0,
2,4,110,0,43,0,0,
3,4,165,0,59,0,0,
1,1,102,0,43,0,0,
3,3,190,191,58,0,1,
3,1,177,0,40,0,0,
3,3,131,81,43,0,0,
2,4,118,331,55,0,0,
2,3,114,0,33,0,0,
1,2,121,0,41,0,0,
2,1,123,0,35,0,0,
2,2,134,0,62,0,0,
3,3,188,114,40,0,0,
2,3,174,327,31,0,0,
2,1,182,0,50,0,0,
2,1,172,0,50,0,0,
2,3,195,514,60,0,0,
2,2,99,358,45,0,0,
2,1,163,0,42,0,1,
2,2,182,0,26,0,0,
3,3,175,0,34,0,0,
2,2,137,0,63,0,0,
2,3,142,0,31,0,0,
2,3,131,226,60,0,0,
3,4,152,0,56,0,0,
1,1,89,299,63,0,0,
1,1,82,0,52,0,0,
3,1,160,0,41,0,0,
2,1,104,282,64,0,0,
2,3,130,0,44,0,0,
1,3,184,0,39,0,0,
2,2,184,361,61,0,0,
2,1,178,0,33,0,0,
2,2,135,0,63,0,0,
2,2,168,321,52,0,0,
2,2,152,0,45,0,0,
2,2,191,300,49,0,0,
2,2,191,0,42,0,0,
1,2,104,0,32,0,1,
2,2,131,0,56,0,0,
1,2,180,0,35,0,0,
2,4,131,0,44,0,0,
1,3,149,0,35,0,0,
2,3,144,353,34,0,0,
3,1,158,0,39,0,0,
1,2,178,0,33,0,0,
3,3,131,0,29,0,0,
1,4,150,0,33,0,0,
2,4,115,0,35,0,0,
3,2,181,373,56,0,0,
2,2,129,217,38,0,0,
3,3,191,195,58,0,0,
2,2,174,0,53,0,0,
2,2,132,217,44,0,0,
2,2,92,0,61,0,0,
1,3,122,0,29,0,0,
2,2,183,581,33,0,0,
2,1,90,0,57,0,0,
2,3,99,0,55,0,0,
2,1,156,0,35,0,0,
1,3,167,0,59,0,0,
1,2,181,0,36,0,0,
2,1,120,0,42,0,0,
2,3,109,0,54,0,0,
1,1,180,549,61,0,0,
1,3,123,0,43,0,0,
2,3,137,119,64,0,0,
3,3,152,0,59,0,0,
1,3,137,345,58,0,1,
1,2,73,0,41,0,0,
2,3,172,0,31,0,1,
3,1,85,0,56,0,0,
3,2,173,393,49,0,0,
3,2,158,0,35,0,0,
3,3,173,327,30,0,0,
2,3,193,0,28,0,0,
2,1,174,0,53,0,0,
3,2,123,75,34,0,0,
1,3,129,305,50,0,0,
2,1,141,0,45,0,0,
3,2,132,0,54,0,0,
2,3,82,0,42,0,0,
2,3,171,0,30,0,0,
3,2,105,152,37,0,0,
1,1,102,0,42,0,0,
2,4,115,0,32,0,0,
2,3,122,0,45,0,1,
2,2,131,97,33,0,0,
2,3,176,469,51,0,0,
2,3,160,112,60,0,0,
3,4,118,0,30,0,0,
3,1,115,0,46,0,1,
1,3,122,0,44,0,0,
2,2,135,0,61,0,0,
2,2,120,247,38,0,0,
1,1,83,0,52,0,0,
2,3,194,0,26,0,0,
1,2,120,0,41,0,0,
3,2,159,0,35,0,0,
1,2,170,0,28,0,0,
2,2,178,452,40,0,0,
2,2,138,421,36,0,0,
3,2,108,0,35,1,0,
2,4,152,0,38,0,0,
2,4,108,0,29,0,0,
3,1,139,0,53,0,0,
1,4,112,0,41,0,0,
2,4,133,0,45,0,1,
2,1,186,0,34,0,0,
2,1,119,0,61,0,0,
2,2,189,461,42,0,0,
3,1,138,91,35,0,0,
3,1,138,104,33,0,0,
1,3,162,214,49,0,0,
2,2,130,256,36,0,0,
1,3,172,0,29,0,0,
2,2,102,0,48,0,0,
1,3,130,0,55,0,0,
3,3,77,215,45,0,0,
2,2,176,0,58,0,0,
2,2,163,423,55,0,1,
2,3,127,0,44,0,0,
2,1,160,0,40,0,0,
1,3,154,0,37,0,0,
2,2,173,0,58,0,0,
1,3,142,0,59,0,1,
2,3,184,0,31,0,0,
1,3,132,307,54,0,0,
1,3,130,0,56,0,0,
2,2,139,0,64,0,0,
1,3,159,240,61,0,0,
2,3,129,0,32,0,0,
2,2,186,469,53,0,0,
2,4,128,76,38,0,0,
2,2,193,0,51,0,0,
2,1,133,0,54,0,0,
1,3,167,313,48,0,0,
2,3,152,0,42,0,0,
2,2,112,0,28,0,0,
2,1,154,0,60,0,0,
1,2,168,0,41,0,0,
2,3,179,0,26,0,0,
1,1,99,0,58,0,0,
1,3,166,219,47,0,0,
2,3,120,0,59,0,0,
3,2,180,0,48,0,0,
1,3,179,309,49,0,0,
2,1,188,0,60,0,0,
2,3,135,0,31,0,0,
3,1,177,276,33,0,0,
2,3,155,0,28,0,0,
2,4,168,0,64,0,0,
2,2,133,0,55,0,0,
2,3,190,0,60,0,0,
2,2,130,0,26,0,0,
2,3,188,204,27,0,0,
1,2,180,0,35,0,0,
1,3,160,214,51,0,0,
3,3,180,95,34,0,0,
2,2,182,0,31,0,0,
2,3,120,430,49,0,0,
2,1,142,0,44,0,0,
3,3,175,96,49,0,0,
2,3,110,78,39,0,0,
2,1,121,0,37,0,0,
2,1,132,0,53,0,0,
2,2,172,0,26,0,0,
1,3,140,0,39,0,0,
1,2,76,0,30,0,1,
2,2,139,210,43,0,0,
2,3,193,0,29,0,0,
2,3,153,0,41,0,0,
2,2,116,303,34,0,0,
2,1,110,250,41,0,0,
2,1,183,0,45,0,0,
2,1,89,0,52,0,0,
1,4,98,117,61,0,0,
1,2,83,0,51,0,0,
2,1,167,0,41,0,0,
3,1,157,0,61,0,0,
1,3,183,0,37,0,0,
2,1,90,0,52,0,0,
1,2,185,0,34,0,0,
2,1,181,541,55,0,0,
2,2,90,0,29,0,0,
1,3,167,317,43,0,0,
2,3,70,219,42,0,0,
3,2,176,383,49,0,0,
1,1,132,0,63,0,0,
2,1,119,0,39,0,0,
2,3,140,0,32,0,1,
1,4,83,0,47,0,1,
3,4,118,0,30,0,0,
2,2,193,0,52,0,0,
1,2,104,0,48,0,0,
3,1,191,204,62,0,0,
1,4,150,0,30,0,0,
2,3,125,0,43,0,0,
1,3,131,0,54,0,0,
1,1,104,0,27,0,0,
2,2,176,0,56,0,0,
2,1,157,0,40,0,1,
2,1,133,0,30,0,0,
3,2,143,0,54,0,0,
2,3,158,0,55,0,0,
2,2,182,0,62,0,0,
3,3,140,0,32,0,1,
3,1,184,588,51,1,0,
1,3,140,0,38,0,0,
2,2,163,0,53,0,1,
3,3,99,0,54,0,0,
3,3,129,0,37,0,1,
1,2,125,342,55,0,0,
3,1,147,0,34,0,0,
1,3,123,0,44,0,0,
2,4,179,0,51,0,0,
1,2,111,0,42,0,0,
2,1,117,116,58,0,0,
2,2,188,581,35,0,0,
2,3,152,113,63,0,0,
2,2,178,453,42,0,0,
2,3,190,0,51,0,0,
1,2,151,416,41,0,0,
1,4,144,209,45,0,0,
2,4,113,0,37,0,0,
2,1,141,0,43,0,0,
2,3,131,0,44,0,0,
3,3,79,231,42,0,0,
1,4,113,0,40,0,1,
2,2,131,218,44,0,0,
3,2,163,301,26,0,0,
2,3,132,0,29,0,0,
2,2,91,0,60,0,0,
1,2,138,0,38,0,0,
1,2,95,108,54,0,0,
1,2,93,88,45,0,0,
2,4,112,0,42,0,0,
3,2,140,0,33,0,1,
2,2,194,0,51,0,0,
2,2,132,0,45,0,0,
2,1,167,0,42,0,0,
2,2,188,303,50,0,0,
2,4,128,78,40,0,0,
2,3,193,0,28,0,0,
1,3,140,0,39,0,0,
3,3,190,191,58,0,1,
3,1,150,369,54,0,0,
1,3,141,483,40,0,0,
2,1,182,0,26,0,0,
2,3,189,565,36,0,0,
2,3,159,0,30,0,0,
1,4,140,0,38,0,0,
3,2,169,248,37,0,0,
2,3,95,137,64,0,0,
2,1,123,0,36,0,0,
1,4,144,201,55,0,0,
2,3,142,0,64,0,0,
2,2,130,0,54,0,0,
2,1,139,110,32,0,1,
2,2,138,422,39,0,0,
2,1,191,0,33,0,0,
2,3,130,0,27,0,0,
1,2,134,0,29,0,0,
2,1,177,570,34,0,0,
1,4,113,373,57,0,0,
2,3,97,345,42,0,0,
2,1,192,0,30,0,0,
1,2,83,0,47,0,0,
2,2,146,348,52,0,0,
3,3,79,230,42,0,0,
2,3,117,114,54,0,0,
3,2,172,236,41,0,0,
2,1,171,0,26,0,0,
1,3,122,0,44,0,0,
2,2,154,0,52,0,0,
1,3,161,303,44,0,0,
3,2,196,0,31,0,0,
2,2,177,230,39,0,1,
2,1,173,0,52,0,0,
3,4,141,0,34,0,0,
3,2,148,0,62,0,0,
2,2,176,0,38,0,0,
2,3,189,305,47,0,0,
1,3,160,0,52,0,0,
1,4,145,0,47,0,0,
3,1,141,0,43,0,0,
2,2,158,0,36,0,1,
1,3,154,0,34,0,0,
3,2,142,0,62,0,0,
1,1,99,170,32,1,0,
2,1,183,0,34,0,0,
2,1,144,0,33,0,0,
3,1,137,86,37,0,0,
1,3,140,0,39,0,0,
2,3,115,0,30,0,0,
2,2,177,0,56,0,0,
1,2,178,0,37,0,0,
2,1,84,0,58,0,0,
1,3,161,298,43,0,0,
1,3,103,0,46,0,0,
1,3,140,0,37,0,0,
1,3,161,401,48,0,0,
2,2,191,0,50,0,0,
2,4,115,0,33,0,0,
3,1,115,0,49,0,1,
2,1,133,307,31,0,0,
2,3,120,431,53,0,0,
3,3,102,0,56,0,0,
3,2,147,0,63,0,0,
2,2,160,0,42,0,0,
2,3,184,344,61,0,0,
2,3,130,0,26,0,0,
2,1,103,275,63,0,0,
2,3,149,0,58,0,0,
1,3,170,427,51,0,0,
2,1,163,0,42,0,1,
1,4,137,289,54,0,0,
1,1,96,161,31,0,0,
2,2,168,0,46,0,1,
2,2,112,253,47,0,1,
2,1,191,0,32,0,0,
3,1,179,0,50,0,0,
2,3,141,0,40,1,0,
2,2,179,462,51,0,0,
1,1,104,0,27,0,0,
2,3,134,0,60,0,0,
2,2,140,0,61,0,0,
2,2,168,0,44,0,0,
2,1,150,0,48,0,0,
2,2,149,0,32,0,0,
2,3,110,327,55,0,0,
2,2,109,0,54,0,0,
3,1,156,0,60,0,0,
2,3,189,0,51,0,0,
2,1,83,0,57,0,0,
2,1,92,0,30,0,0,
3,1,139,0,53,0,0,
2,1,170,470,55,0,0,
2,2,168,0,32,0,0,
3,1,160,0,55,0,0,
3,3,140,0,32,0,1,
2,2,138,0,41,0,0,
3,3,152,0,60,0,0,
3,1,115,0,50,0,0,
1,1,99,0,59,0,0,
1,2,180,0,35,0,0,
3,2,176,403,62,0,0,
2,2,163,301,33,0,0,
2,4,120,0,56,0,0,
2,2,185,257,35,0,0,
2,3,151,0,59,0,0,
2,2,183,367,59,0,0,
2,1,192,0,30,0,0,
3,1,182,0,36,0,1,
2,1,158,0,38,0,0,
2,2,171,326,46,0,0,
2,4,163,311,46,0,0,
2,2,103,0,55,0,0,
1,3,148,0,29,0,0,
3,1,138,100,33,0,0,
1,4,145,0,47,0,0,
2,3,100,118,59,0,0,
2,2,151,0,58,0,0,
2,3,130,0,30,0,0,
2,2,155,0,30,0,0,
2,1,182,0,26,0,0,
2,3,184,0,31,0,0,
2,1,114,0,46,0,0,
2,3,154,0,52,0,0,
3,1,158,0,55,0,0,
2,1,188,281,35,0,0,
2,2,185,0,41,0,0,
1,3,149,0,47,0,0,
2,2,192,0,44,0,0,
2,3,178,175,49,0,1,
2,4,154,0,28,0,0,
2,2,145,264,36,0,0,
1,1,98,0,58,0,0,
2,3,100,0,53,0,0,
2,2,176,0,58,0,0,
2,3,165,238,50,0,0,
3,1,98,148,27,0,1,
3,1,178,0,49,0,0,
1,3,142,0,28,0,0,
1,4,150,0,33,0,0,
2,2,134,0,56,0,0,
2,4,168,0,59,0,0,
1,4,139,291,55,0,0,
1,3,140,0,39,0,0,
3,3,132,0,26,0,0,
3,1,144,0,33,0,0,
2,3,112,0,29,0,0,
2,2,153,0,60,0,1,
2,2,163,301,27,0,0,
1,3,121,0,57,0,0,
1,2,131,0,56,0,0,
2,1,183,594,50,0,0,
2,2,172,0,59,0,0,
3,1,169,262,34,0,0,
1,3,186,0,43,0,0,
2,4,179,0,49,0,0,
2,3,107,303,59,0,0,
2,2,184,577,27,0,0,
3,3,176,0,52,0,0,
2,2,189,265,35,0,0,
2,3,182,458,44,0,1,
2,3,190,0,59,0,0,
1,1,98,0,58,0,0,
3,1,144,0,32,0,0,
3,3,131,0,29,0,0,
2,2,113,251,40,0,0,
3,3,189,190,59,0,1,
2,3,172,0,60,0,0,
2,4,188,304,45,0,0,
1,2,168,400,54,0,0,
2,2,176,372,48,0,0,
2,1,166,0,39,0,0,
2,2,146,362,53,0,0,
2,1,138,105,33,0,1,
1,2,184,0,35,0,0,
2,3,183,0,30,0,0,
1,3,139,483,39,0,0,
3,3,127,75,37,0,0,
2,2,165,478,51,0,0,
2,1,78,149,27,0,0,
2,2,163,0,44,0,1,
3,1,113,248,44,0,1,
3,3,191,0,58,0,0,
3,2,154,0,52,0,0,
1,3,173,0,47,0,0,
2,1,121,0,32,0,0,
2,2,154,351,60,0,0,
2,1,170,99,59,0,0,
2,1,135,85,37,0,0,
2,2,101,0,57,0,0,
2,2,182,0,37,0,0,
2,3,177,0,51,0,0,
2,1,118,0,29,0,0,
1,3,118,0,54,0,0,
1,3,137,0,28,0,0,
2,1,179,0,50,0,0,
1,2,178,0,35,0,0,
3,2,142,0,32,0,0,
2,1,131,0,44,0,0,
2,1,91,0,29,0,0,
2,2,153,272,39,0,0,
2,4,108,301,43,0,0,
1,2,128,209,30,0,0,
2,4,179,0,49,0,0,
2,3,182,0,37,0,0,
1,2,190,0,51,0,0,
2,2,177,567,35,0,0,
2,2,115,0,53,0,0,
1,3,158,475,45,0,0,
1,3,142,0,28,0,0,
2,4,167,0,58,0,0,
3,2,191,200,61,0,0,
2,3,180,0,29,0,0,
2,2,172,0,57,0,0,
1,1,138,178,27,0,0,
3,1,163,0,54,0,0,
2,2,84,0,52,0,0,
2,3,182,458,44,0,1,
2,1,154,0,33,0,0,
2,2,178,0,59,0,0,
1,4,161,301,44,0,0,
2,2,95,0,60,0,0,
2,1,167,553,34,0,0,
2,2,142,0,45,0,0,
2,1,123,0,33,0,0,
2,4,129,416,37,0,0,
2,3,188,587,52,0,0,
3,2,176,403,62,0,0,
1,3,158,0,56,0,0,
2,1,142,0,44,0,0,
3,3,152,0,60,0,0,
3,2,202,0,41,0,0,
2,2,139,0,42,0,0,
2,2,172,0,28,0,0,
3,2,161,307,34,0,0,
2,4,165,0,63,0,0,
2,2,125,0,44,0,0,
1,2,140,0,41,0,0,
2,3,97,349,43,0,0,
2,1,123,0,36,0,0,
2,3,181,0,37,0,0,
2,1,163,0,42,0,1,
1,3,80,0,27,0,0,
2,2,143,209,41,0,0,
2,3,66,220,42,0,0,
3,2,115,0,51,0,0,
2,1,77,139,28,0,0,
2,3,139,0,41,0,0,
1,3,97,119,64,0,0,
1,3,107,370,54,1,0,
2,2,129,0,26,0,0,
2,1,103,0,51,0,0,
3,3,152,0,58,0,0,
2,2,151,0,56,0,0,
2,2,147,0,48,0,0,
2,2,169,0,31,0,0,
1,4,171,283,62,0,0,
2,1,183,261,34,0,0,
2,2,95,140,56,0,1,
2,1,168,0,41,0,0,
2,1,121,0,32,0,0,
1,2,138,0,62,0,0,
3,2,178,146,50,0,0,
3,2,85,0,54,0,0,
1,3,69,0,35,0,0,
1,1,65,141,27,0,0,
1,3,82,0,53,0,0,
2,2,143,0,64,0,0,
2,2,121,80,42,0,0,
2,1,108,0,63,0,0,
2,2,148,209,43,0,0,
2,3,140,0,32,0,1,
2,4,123,0,29,0,0,
1,3,171,0,28,0,0,
2,1,104,280,64,0,0,
2,2,170,249,36,0,0,
1,2,141,422,38,0,0,
2,1,132,0,54,0,1,
3,2,153,0,60,0,1,
2,1,133,0,54,0,0,
1,3,135,285,50,0,0,
2,3,138,350,54,0,0,
1,3,111,0,41,0,1,
2,2,160,243,53,0,1,
2,2,136,418,35,0,0,
1,2,83,0,62,0,0,
2,1,192,0,55,0,0,
1,3,139,213,44,0,0,
3,3,168,108,58,0,0,
3,2,149,363,62,0,0,
3,1,202,0,34,0,0,
2,3,133,0,46,0,0,
2,2,170,0,47,0,0,
1,4,115,82,43,0,0,
2,3,155,0,39,0,1,
1,2,134,209,35,0,0,
1,1,93,300,63,0,0,
2,4,133,0,45,0,1,
2,2,181,0,64,0,0,
2,1,118,115,58,0,0,
1,3,139,0,60,0,0,
3,2,124,121,50,0,0,
2,1,185,0,41,0,0,
1,3,114,0,58,0,0,
3,2,107,0,34,0,0,
3,3,104,346,48,0,0,
1,3,126,84,43,0,0,
2,1,172,243,36,0,0,
3,3,92,0,36,0,0,
2,3,141,116,32,0,1,
2,1,173,465,56,0,0,
2,4,122,0,44,0,0,
1,1,85,0,60,0,0,
2,1,192,0,30,0,0,
2,2,139,368,63,0,0,
2,1,171,0,26,0,0,
2,3,92,0,52,0,0,
2,4,115,0,30,0,0,
2,3,173,236,53,0,0,
2,1,89,0,29,0,0,
2,2,165,0,45,0,1,
2,1,74,149,27,0,0,
2,3,129,0,32,0,0,
1,1,168,468,54,0,0,
2,1,74,149,27,0,0,
1,3,157,408,44,0,0,
1,3,143,210,45,0,0,
1,2,128,207,28,0,0,
2,1,166,0,38,0,0,
2,2,138,0,41,0,0,
2,1,166,0,38,0,0,
1,3,75,0,32,0,1,
3,3,131,0,34,0,0,
2,1,170,0,47,0,0,
1,2,149,364,56,0,0,
3,3,178,0,52,0,0,
2,2,177,0,58,0,0,
2,3,93,0,52,0,0,
1,3,161,443,47,0,0,
1,3,169,307,47,0,0,
2,2,133,0,31,0,0,
1,3,184,0,43,0,0,
2,1,171,92,57,0,0,
2,2,131,217,44,0,0,
1,3,141,0,36,0,1,
2,3,116,0,54,0,0,
3,2,180,385,60,0,0,
1,3,184,0,42,0,0,
2,1,151,0,48,0,0,
3,1,130,0,44,0,0,
3,2,173,0,58,0,0,
2,3,182,0,30,0,1,
2,3,126,434,57,0,0,
2,3,151,0,60,0,0,
2,2,174,371,44,0,0,
1,3,181,0,35,0,0,
2,3,129,0,32,0,1,
2,2,117,0,30,0,0,
1,3,139,0,38,0,0,
3,2,112,249,41,0,0,
3,1,167,0,37,0,0,
2,1,120,0,32,0,0,
2,2,185,0,41,0,0,
1,2,105,370,53,1,0,
3,1,188,0,34,0,0,
2,2,161,420,53,0,0,
2,3,162,109,62,0,0,
2,1,174,463,54,0,0,
1,3,185,0,43,0,0,
2,3,121,251,37,0,1,
2,1,121,0,61,0,0,
1,3,137,212,45,0,0,
2,2,131,0,55,0,0,
1,3,173,587,48,0,0,
2,1,163,0,56,0,0,
3,3,152,0,58,0,0,
2,4,162,311,46,0,0,
2,3,159,0,34,0,1,
2,2,174,0,52,0,0,
2,2,154,0,33,0,0,
3,2,140,0,33,0,1,
1,1,104,0,50,0,0,
2,1,109,84,47,0,0,
2,3,114,0,33,0,0,
2,1,129,0,40,0,0,
1,3,142,0,64,0,0,
2,4,115,0,32,0,0,
2,4,83,0,44,0,1,
2,3,98,354,43,0,0,
2,3,194,0,50,0,0,
1,2,184,0,37,0,0,
1,1,100,0,62,0,0,
3,1,178,0,48,0,0,
1,4,129,279,48,0,0,
1,3,83,0,48,0,0,
2,1,173,0,56,0,0,
2,2,113,251,41,0,0,
1,3,123,0,43,0,0,
1,3,107,367,52,0,0,
2,2,152,0,55,0,0,
2,2,168,0,33,0,0,
3,1,126,79,34,0,0,
2,3,176,0,34,0,0,
1,4,129,139,37,0,0,
2,1,189,0,59,0,0,
2,2,130,253,36,0,0,
2,1,148,0,34,0,0,
1,2,178,0,33,0,0,
3,1,125,0,32,0,0,
1,4,117,82,43,0,0,
2,4,161,309,47,0,0,
2,1,178,0,34,0,0,
2,2,179,0,33,0,0,
1,2,134,0,63,0,0,
1,3,189,187,52,0,1,
2,1,131,0,52,0,0,
2,4,116,0,30,0,0,
2,2,85,0,27,0,0,
2,3,151,0,58,0,0,
2,2,173,252,36,0,0,
2,3,126,434,57,0,0,
1,2,80,0,31,0,1,
2,2,167,298,30,0,0,
3,2,145,0,63,0,0,
2,1,165,0,54,0,0,
2,4,111,0,29,0,0,
2,1,153,0,64,1,1,
2,1,172,0,54,0,0,
2,3,156,0,27,0,0,
1,3,122,0,44,0,0,
1,2,119,0,54,1,0,
2,3,112,327,56,0,0,
2,2,189,244,46,0,0,
2,1,170,0,28,0,0,
1,3,170,0,27,0,0,
2,3,175,0,52,0,0,
1,2,92,88,45,0,0,
2,3,122,432,55,0,0,
2,2,192,0,30,0,0,
3,1,91,0,30,0,0,
1,3,146,0,29,0,0,
2,3,182,464,50,0,1,
2,1,102,0,51,0,0,
3,1,96,147,31,0,0,
1,3,136,201,51,0,0,
2,2,145,0,55,0,0,
1,4,144,293,53,0,0,
2,2,172,0,59,0,0,
2,1,118,0,29,0,0,
2,3,118,0,54,0,0,
1,1,66,226,34,0,0,
1,3,152,0,34,0,0,
1,4,150,0,31,0,0,
2,1,115,81,40,0,0,
2,3,187,566,36,0,0,
3,1,135,82,36,0,0,
2,3,114,0,33,0,0,
3,3,128,0,44,0,0,
2,3,145,347,56,0,1,
2,3,128,0,44,0,0,
2,1,153,0,60,0,1,
2,3,182,437,33,0,1,
2,1,111,0,54,0,0,
2,1,154,0,33,0,0,
1,1,121,0,43,0,1,
2,2,83,0,31,0,0,
2,2,131,0,55,0,0,
2,2,134,0,56,0,0,
2,3,130,0,26,0,0,
2,1,191,0,33,0,0,
2,1,138,0,53,0,0,
2,1,158,0,40,0,1,
2,2,142,293,54,0,0,
3,3,184,121,46,0,0,
2,2,134,0,60,0,0,
1,4,83,0,49,0,0,
2,3,142,353,30,0,0,
1,3,139,0,60,0,0,
2,2,181,336,40,0,0,
2,2,111,115,58,0,0,
2,1,117,0,27,0,0,
2,3,129,0,26,0,0,
2,3,102,327,48,0,0,
2,1,166,273,34,0,0,
2,1,191,0,30,0,0,
3,2,117,210,48,0,0,
1,4,144,0,47,0,0,
1,3,104,0,46,0,0,
1,1,96,0,60,0,0,
2,2,174,0,58,0,0,
2,2,141,0,62,0,0,
1,2,124,209,48,0,0,
2,2,179,333,36,0,0,
1,3,134,194,58,0,0,
1,3,109,370,54,0,0,
3,1,185,179,63,0,1,
2,2,180,538,50,0,0,
1,2,139,0,62,0,0,
2,3,168,478,50,0,0,
2,2,128,0,42,0,1,
3,2,144,0,54,0,0,
1,3,139,0,40,0,0,
2,4,115,0,31,0,0,
1,3,162,223,53,0,0,
2,2,141,0,61,0,0,
3,1,138,100,33,0,0,
2,2,182,370,57,0,0,
2,3,114,302,36,0,0,
3,2,140,0,33,0,1,
2,2,128,209,29,0,0,
2,2,107,0,28,0,0,
2,2,100,149,34,0,0,
2,1,159,0,41,0,0,
2,1,118,0,27,0,0,
2,1,188,278,35,0,0,
1,3,135,0,30,0,1,
2,3,153,0,41,0,0,
2,4,113,0,37,0,0,
3,2,191,206,57,0,0,
2,2,136,0,49,0,0,
3,2,132,0,26,0,1,
1,2,136,0,64,0,0,
1,3,168,311,49,0,0,
2,1,133,307,27,0,0,
2,3,122,0,45,0,0,
2,1,122,0,58,0,0,
2,2,187,266,34,0,0,
2,3,189,0,51,0,0,
2,1,132,0,54,0,1,
2,2,175,400,60,0,0,
2,3,98,128,62,0,0,
2,2,130,0,44,0,0,
3,1,186,184,63,0,0,
2,1,170,0,27,0,0,
2,3,116,331,56,0,0,
3,1,136,89,44,0,0,
1,4,129,139,38,0,0,
1,3,132,307,53,0,0,
2,3,178,0,49,0,0,
2,3,141,118,32,0,1,
2,3,170,477,50,0,0,
2,1,165,0,56,0,0,
2,3,92,0,53,0,0,
2,3,182,0,29,0,0,
2,2,82,0,28,0,0,
1,1,120,0,29,0,1,
2,3,173,434,28,0,1,
3,3,190,304,47,0,0,
2,2,103,0,55,0,0,
2,3,172,0,60,0,0,
1,3,149,0,47,0,0,
2,2,137,418,35,0,0,
2,1,123,0,35,0,0,
2,1,105,0,27,0,0,
1,2,188,188,52,0,0,
1,3,144,197,59,0,0,
1,3,124,0,43,0,0,
2,2,112,0,28,0,0,
1,3,154,0,34,0,0,
2,2,135,0,62,0,0,
3,4,92,0,39,0,0,
2,4,172,295,36,0,0,
3,2,161,0,34,0,0,
3,3,130,0,35,0,1,
2,3,129,0,26,0,0,
2,3,156,412,46,0,0,
2,1,153,357,51,0,0,
3,3,141,0,34,0,0,
3,3,129,75,37,0,0,
1,3,178,184,55,0,1,
3,1,157,0,61,0,0,
1,2,133,212,42,0,0,
2,1,155,0,31,0,0,
3,2,142,0,32,0,0,
2,1,148,0,35,0,0,
1,3,82,0,53,0,0,
2,2,129,0,26,0,0,
1,2,119,0,54,1,0,
1,2,111,0,42,0,0,
1,1,138,0,39,0,0,
3,1,180,0,34,0,0,
2,1,119,0,37,0,0,
3,3,140,0,32,0,0,
2,2,134,0,62,0,0,
3,1,140,0,51,0,0,
3,2,182,0,37,0,1,
3,2,119,0,32,0,0,
2,4,169,0,64,0,0,
2,1,191,0,33,0,0,
1,2,132,307,44,0,0,
2,1,157,0,61,0,0,
1,3,171,0,39,0,0,
2,1,151,358,58,0,0,
2,1,185,179,57,0,1,
2,3,182,441,28,0,1,
2,2,81,0,29,0,0,
2,1,174,0,53,0,0,
1,2,134,212,46,0,0,
2,1,191,0,33,0,0,
1,3,165,218,47,0,0,
1,2,180,0,35,0,0,
3,2,125,0,31,0,0,
2,2,194,0,50,0,0,
2,1,123,0,34,0,0,
2,2,189,269,35,0,0,
2,2,111,0,44,0,0,
3,2,92,0,34,0,0,
2,1,176,266,33,0,0,
2,1,110,0,61,0,0,
3,3,172,98,58,0,0,
1,2,179,0,35,0,0,
3,1,140,0,49,0,0,
1,3,133,220,53,0,0,
1,4,183,427,46,0,0,
1,3,91,0,53,0,0,
1,3,117,0,54,1,0,
2,3,115,0,28,0,0,
1,1,104,0,30,0,0,
2,2,129,220,42,0,0,
1,3,154,0,41,0,1,
2,4,168,0,64,0,0,
2,2,184,358,62,0,0,
3,1,115,0,49,0,0,
1,3,135,299,55,0,0,
3,2,175,395,53,0,0,
2,3,184,606,29,0,0,
1,3,161,404,48,0,0,
3,3,178,0,62,0,0,
2,2,174,0,53,0,0,
2,2,131,0,26,0,0,
2,3,157,412,47,0,0,
2,4,161,411,50,0,0,
2,3,121,0,58,0,0,
1,2,139,0,39,0,0,
1,2,74,0,39,0,0,
2,3,135,0,32,0,0,
3,1,168,0,38,0,0,
2,3,183,0,30,0,0,
3,3,154,0,52,0,0,
2,2,163,301,32,0,0,
3,1,126,0,61,0,0,
2,3,141,0,35,0,1,
2,2,188,573,34,0,0,
2,1,183,0,36,0,0,
2,2,174,0,53,0,0,
2,3,157,0,55,0,0,
3,1,191,204,62,0,0,
2,1,154,0,60,0,1,
2,3,159,0,34,0,1,
2,4,108,306,58,0,0,
1,2,112,354,53,0,1,
1,2,183,0,34,0,0,
3,1,114,0,51,0,0,
1,2,170,0,29,0,0,
2,4,178,0,49,0,0,
1,3,140,0,60,0,0,
1,3,161,0,52,0,1,
2,2,182,0,61,0,0,
2,4,151,0,29,0,0,
2,2,111,0,43,0,0,
2,2,185,452,35,0,0,
1,1,188,0,59,0,0,
2,2,179,296,51,0,0,
2,4,138,124,33,0,0,
1,2,178,0,43,0,0,
2,2,153,0,54,0,0,
1,2,128,206,28,0,0,
2,2,177,575,37,0,0,
2,3,140,0,29,0,0,
1,3,184,0,41,0,0,
2,4,133,0,45,0,1,
2,3,190,0,58,0,0,
1,2,163,398,47,0,0,
3,3,130,76,37,0,0,
2,1,150,0,34,0,0,
3,2,133,0,53,0,0,
2,1,141,0,43,0,0,
2,2,183,362,60,0,0,
1,3,184,0,42,0,0,
2,2,186,574,34,0,0,
2,3,153,0,53,0,0,
3,3,160,0,34,0,0,
2,3,96,0,54,0,0,
2,2,189,263,35,0,0,
2,3,182,0,30,0,1,
2,2,173,0,58,0,0,
1,3,124,148,33,0,0,
2,2,189,195,57,0,0,
2,2,187,236,45,0,0,
1,2,170,0,27,0,0,
3,2,143,0,54,0,0,
2,2,130,97,35,0,0,
2,1,123,0,36,0,0,
3,1,139,0,52,0,0,
1,2,162,408,51,0,0,
2,4,128,77,39,0,0,
1,3,139,0,40,0,0,
1,3,171,567,43,0,0,
2,2,151,0,43,0,0,
2,2,172,327,39,0,0,
2,3,188,567,34,0,0,
1,3,138,0,40,0,0,
3,3,141,0,34,0,0,
2,2,111,0,44,0,0,
2,2,131,257,36,0,0,
2,2,133,0,55,0,0,
2,3,64,222,41,0,0,
2,2,180,0,63,0,1,
1,3,83,0,48,0,0,
1,3,165,316,44,0,0,
2,1,165,0,42,0,0,
1,4,116,0,55,0,0,
2,2,195,477,54,0,0,
2,2,176,400,61,0,0,
2,2,143,0,64,0,0,
1,1,98,167,31,0,0,
2,3,129,0,26,0,0,
2,3,182,588,51,0,0,
3,2,139,0,42,0,0,
3,1,138,105,33,0,0,
2,1,111,0,54,0,0,
2,2,184,479,52,0,0,
2,3,122,0,45,0,0,
3,1,179,0,34,0,0,
2,2,133,0,47,0,0,
3,2,145,0,63,0,0,
1,3,183,0,37,0,0,
2,2,191,0,30,0,0,
2,2,135,0,62,0,0,
3,2,196,0,45,0,0,
1,2,126,0,43,0,0,
2,3,169,182,61,0,1,
3,1,133,181,61,0,0,
1,3,182,600,49,0,0,
3,1,164,0,54,0,0,
2,1,153,0,60,1,0,
3,1,174,534,43,0,0,
2,1,161,373,44,0,1,
2,1,92,0,50,0,0,
2,1,96,156,30,0,0,
1,3,121,0,57,0,0,
2,1,183,0,35,0,0,
2,2,180,0,63,0,0,
3,3,102,0,55,0,0,
3,2,140,0,33,0,1,
1,4,171,0,62,0,1,
2,1,138,0,41,0,0,
1,4,144,201,55,0,0,
2,2,95,0,60,0,0,
2,3,107,0,54,0,0,
2,2,174,571,31,0,0,
2,3,172,231,45,0,1,
3,2,105,0,33,0,0,
3,3,174,0,61,0,0,
1,3,122,0,44,0,0,
2,3,194,0,50,0,0,
1,3,149,0,29,0,0,
2,4,110,314,58,0,0,
2,1,173,0,51,0,0,
2,1,118,0,29,0,0,
2,2,165,0,43,0,0,
2,2,138,0,64,0,0,
2,4,129,0,44,0,0,
2,2,185,0,41,0,0,
2,2,134,186,61,0,0,
2,3,182,0,30,0,1,
2,3,134,0,60,0,0,
1,3,123,0,43,0,0,
2,2,188,219,36,0,1,
3,3,169,166,49,0,0,
3,3,113,0,34,0,0,
2,2,134,423,34,0,0,
2,3,175,0,33,1,0,
1,3,145,376,60,0,0,
2,1,124,0,32,0,0,
3,3,181,0,48,0,0,
3,2,142,0,32,0,0,
2,2,134,0,60,0,0,
2,4,108,303,56,0,0,
3,2,124,0,46,0,0,
1,3,140,0,39,0,0,
1,4,150,0,31,0,0,
2,2,127,426,31,0,0,
2,1,184,0,41,0,0,
2,4,187,303,45,0,0,
1,3,173,438,34,0,1,
3,1,182,0,36,0,1,
1,2,147,0,29,0,0,
2,4,114,0,28,0,0,
3,3,182,0,37,0,0,
2,3,184,431,42,0,1,
1,3,122,0,44,0,0,
1,3,129,84,41,0,0,
3,1,137,102,37,0,0,
1,1,100,0,58,0,0,
2,2,183,0,36,0,0,
3,2,133,120,64,0,0,
2,2,121,0,44,0,1,
2,3,134,415,33,0,0,
2,1,153,0,62,1,1,
2,3,175,0,33,1,0,
2,2,91,214,41,1,0,
2,1,159,0,41,0,0,
2,1,163,0,56,0,0,
3,4,141,0,34,0,0,
3,1,114,158,42,0,0,
2,2,185,267,34,0,0,
3,2,140,0,42,0,0,
2,3,133,342,50,0,0,
2,1,170,0,27,0,0,
2,2,155,0,34,0,0,
2,3,139,344,53,0,1,
1,2,165,396,46,0,0,
3,1,152,0,48,0,0,
1,4,171,428,52,0,0,
2,3,184,427,46,0,1,
3,2,115,0,51,0,0,
2,2,179,0,50,0,0,
2,2,172,568,34,0,0,
2,2,120,0,54,0,0,
2,1,119,0,37,0,0,
1,2,108,0,35,0,0,
2,2,159,315,46,0,0,
2,2,171,326,46,0,0,
2,2,137,0,49,0,0,
1,3,82,0,53,0,0,
2,3,139,0,41,0,0,
3,3,141,0,34,0,0,
1,3,124,0,43,0,0,
3,2,141,0,34,0,0,
2,1,165,0,57,0,0,
3,3,168,116,50,0,0,
1,3,150,433,49,0,1,
3,2,121,75,34,0,0,
1,3,179,0,36,0,0,
1,4,140,379,60,0,0,
1,3,190,0,57,0,0,
3,2,115,0,50,0,0,
2,2,184,354,62,0,0,
3,2,159,0,56,0,0,
2,3,124,310,31,0,1,
1,3,136,0,28,0,0,
2,2,115,0,59,0,0,
2,3,159,0,35,0,1,
1,3,117,0,55,1,0,
2,1,168,473,53,0,0,
3,1,180,0,34,0,0,
2,1,89,0,58,0,0,
1,2,82,218,38,0,0,
2,2,84,0,52,0,0,
1,3,130,0,55,0,1,
3,1,165,0,54,0,0,
2,3,149,0,61,0,0,
1,4,83,0,49,0,1,
2,1,173,0,51,0,0,
1,1,99,0,59,0,0,
2,4,136,346,41,0,0,
3,2,83,0,55,0,0,
2,1,123,164,44,1,0,
2,2,160,0,42,0,0,
2,1,132,0,48,0,0,
2,2,140,0,64,0,0,
3,4,118,0,30,0,0,
2,1,85,0,58,0,0,
2,3,174,590,48,0,0,
1,3,139,0,38,0,0,
2,2,190,0,41,0,0,
2,1,119,0,29,0,0,
1,2,179,0,42,0,0,
3,4,160,0,34,0,0,
2,3,129,0,27,0,0,
2,4,126,336,52,0,0,
2,1,153,352,51,0,0,
3,1,192,201,60,0,0,
2,3,169,169,50,0,1,
3,1,115,0,49,0,0,
1,1,100,170,33,1,0,
2,2,130,209,30,0,0,
2,2,121,0,44,0,1,
2,1,155,0,31,0,0,
2,4,169,298,38,0,0,
2,1,183,290,44,0,0,
2,3,126,0,28,0,0,
2,2,130,0,26,0,0,
2,3,166,241,47,0,0,
2,1,109,0,63,0,0,
2,3,172,0,47,0,0,
3,2,131,0,55,0,0,
2,2,166,107,61,0,0,
2,2,158,0,36,0,1,
1,3,161,401,47,0,0,
1,3,175,429,46,0,1,
2,3,129,309,55,0,0,
2,4,122,0,44,0,0,
2,3,161,0,43,0,1,
3,4,118,0,31,0,0,
3,2,192,0,30,0,0,
1,3,172,0,28,0,0,
2,3,159,0,34,0,1,
2,2,124,0,45,0,0,
2,3,188,565,36,0,0,
2,2,175,589,49,0,0,
1,4,168,425,43,0,0,
2,1,140,0,48,0,0,
2,3,166,0,62,0,0,
3,3,183,601,30,0,0,
2,3,149,0,58,0,0,
2,2,191,0,52,0,0,
3,1,135,89,45,0,0,
2,2,136,0,55,0,0,
1,3,123,0,43,0,0,
2,2,141,0,42,0,0,
2,2,114,0,53,0,0,
2,3,160,406,49,0,0,
2,2,180,0,52,0,0,
1,4,138,379,61,0,0,
2,1,118,0,29,0,0,
2,4,179,0,49,0,0,
1,3,194,608,50,0,0,
2,2,131,424,33,0,0,
2,1,124,0,61,0,0,
1,2,194,0,62,0,0,
2,2,189,267,35,0,0,
2,2,133,93,34,0,0,
2,2,180,0,60,0,1,
2,1,123,0,33,0,0,
2,2,149,0,57,0,0,
2,3,100,0,53,0,0,
2,2,165,422,56,0,0,
2,2,141,0,35,0,0,
2,2,82,0,28,0,0,
2,3,121,429,37,0,0,
2,3,182,0,46,0,0,
2,3,142,0,29,0,0,
1,3,118,0,54,0,0,
2,2,145,0,55,0,0,
3,1,141,0,43,0,0,
1,1,83,0,51,0,0,
2,1,191,0,32,0,0,
1,3,184,0,44,0,0,
1,2,90,103,51,0,0,
1,1,165,0,57,0,0,
1,3,94,128,65,0,1,
1,2,122,0,30,0,0,
1,2,162,397,47,0,0,
3,2,122,0,46,0,0,
3,2,125,0,31,0,0,
2,1,151,358,59,0,0,
3,3,152,0,60,0,0,
3,1,180,154,36,0,0,
1,4,176,566,41,0,0,
2,2,192,0,29,0,0,
1,4,161,304,45,0,0,
1,4,148,0,47,0,0,
2,1,103,0,49,0,0,
2,3,132,0,45,0,1,
2,2,148,0,60,0,0,
3,2,131,0,27,0,0,
2,2,174,0,53,0,0,
1,3,172,427,52,0,0,
2,1,151,0,48,0,0,
2,1,124,0,33,0,0,
2,2,191,0,51,0,0,
1,3,123,0,43,0,0,
2,1,188,260,35,0,0,
2,2,160,0,42,0,0,
2,3,152,0,59,0,0,
1,2,149,0,35,0,0,
2,2,192,0,28,0,0,
2,2,130,209,31,0,0,
3,3,123,428,32,0,0,
2,1,131,0,44,0,0,
3,1,114,0,49,0,0,
1,2,179,143,30,0,0,
1,3,171,315,46,0,0,
3,1,179,0,34,0,0,
2,2,89,0,29,0,0,
2,1,202,0,38,0,0,
3,1,123,0,34,0,0,
1,1,100,0,61,0,0,
2,3,121,429,43,0,0,
1,4,100,116,60,0,0,
3,1,146,0,34,0,0,
3,3,141,0,32,0,0,
3,4,162,0,34,0,0,
3,1,139,0,42,0,0,
2,4,190,0,50,0,0,
1,1,82,0,51,0,0,
2,2,110,0,54,0,0,
2,3,189,566,36,0,0,
1,3,82,0,51,0,0,
2,1,165,0,56,0,0,
2,2,83,0,46,0,0,
1,4,123,83,43,0,0,
2,2,162,0,41,0,0,
1,3,172,0,60,0,0,
2,2,114,119,58,0,0,
2,2,154,0,52,0,0,
1,2,104,0,44,0,0,
3,2,196,0,31,0,0,
2,3,154,0,52,0,0,
2,2,186,221,35,0,1,
2,1,131,0,62,0,0,
1,3,173,313,49,0,0,
1,3,152,0,34,0,0,
2,4,182,0,29,0,0,
1,3,132,305,55,0,0,
2,2,140,0,64,0,0,
2,2,137,190,58,0,0,
1,2,152,428,43,0,0,
2,3,174,326,31,0,0,
2,2,174,0,40,0,0,
2,1,152,0,59,0,0,
2,1,190,474,54,0,0,
1,1,133,307,34,0,0,
2,3,144,116,64,0,0,
1,4,170,0,63,0,1,
2,2,167,424,55,0,0,
2,3,161,0,43,0,1,
3,3,141,0,34,0,0,
2,2,145,0,55,0,0,
2,3,122,0,59,0,0,
2,3,183,0,39,0,1,
2,1,133,0,30,0,0,
2,4,190,556,41,0,0,
2,1,190,0,32,0,0,
3,1,193,204,56,0,0,
2,2,154,0,52,0,0,
1,4,108,0,54,0,0,
2,3,151,0,61,0,0,
2,2,113,299,59,0,0,
1,3,119,345,53,0,0,
1,3,189,0,42,0,0,
2,2,182,0,64,0,0,
2,2,135,0,60,0,0,
3,2,163,301,26,0,0,
2,2,114,0,45,0,0,
2,2,183,0,31,0,0,
2,1,183,291,45,0,0,
2,1,165,0,33,0,0,
2,2,134,92,47,0,0,
2,1,123,0,32,0,0,
1,3,132,0,63,0,0,
3,1,188,284,36,0,0,
1,2,162,405,50,0,0,
1,3,139,0,38,0,0,
2,2,181,0,60,0,0,
2,1,132,0,54,0,1,
2,2,164,108,61,0,0,
2,2,143,293,53,0,0,
2,2,179,372,52,0,0,
2,3,164,450,49,0,0,
2,1,132,0,53,0,0,
2,3,118,0,30,0,0,
1,2,120,0,29,0,1,
1,3,136,201,52,0,0,
2,3,96,141,56,0,0,
2,2,150,0,47,0,0,
1,2,77,0,43,0,0,
2,3,148,0,60,0,0,
1,3,182,0,43,0,0,
2,4,190,0,50,0,0,
2,3,134,414,33,0,0,
2,2,185,357,62,0,0,
2,2,107,0,34,0,0,
2,2,175,230,41,0,1,
2,1,101,265,62,0,0,
2,1,150,371,43,0,0,
1,3,146,374,60,0,1,
2,1,118,0,27,0,0,
3,1,177,0,47,0,0,
2,1,121,114,56,0,0,
3,3,142,0,33,0,0,
1,2,177,0,42,0,0,
1,1,97,0,62,0,0,
1,3,143,483,41,0,0,
3,1,95,146,30,0,0,
3,1,162,0,51,0,0,
2,1,140,0,48,0,0,
1,2,184,0,36,0,0,
2,3,128,0,26,0,0,
3,1,127,0,61,0,0,
2,2,132,423,33,0,0,
1,3,143,196,59,0,0,
2,2,131,0,55,0,0,
2,3,141,0,34,0,1,
3,4,167,0,63,0,0,
2,3,152,0,59,0,0,
3,1,115,0,49,0,1,
3,2,139,0,42,0,0,
3,2,133,0,29,0,0,
1,3,161,0,51,0,0,
2,1,191,0,31,0,0,
1,1,103,0,42,0,0,
3,1,179,157,38,0,0,
2,2,118,0,28,0,0,
1,2,122,0,31,0,0,
2,3,129,0,34,0,1,
1,2,122,0,43,0,0,
2,2,172,0,59,0,0,
2,1,167,0,41,0,0,
2,3,182,0,49,0,0,
2,4,139,352,30,0,0,
3,3,113,0,34,0,0,
1,3,142,0,64,0,0,
2,2,131,0,50,0,0,
3,3,124,431,28,0,0,
3,2,168,109,58,0,0,
1,3,161,401,48,0,0,
1,3,111,0,42,0,0,
1,3,170,0,27,0,0,
3,1,163,0,51,0,0,
1,2,155,0,41,0,1,
3,3,140,0,32,0,0,
1,2,172,318,52,0,0,
2,1,133,0,32,0,0,
2,1,137,102,34,0,0,
1,3,114,0,58,0,0,
3,3,191,195,58,0,0,
3,2,163,419,55,0,0,
2,2,130,0,55,0,0,
2,2,175,0,58,0,0,
1,2,122,0,31,0,0,
2,2,129,425,32,0,0,
2,3,163,316,44,0,0,
1,3,139,0,40,0,0,
2,3,107,0,53,0,0,
2,3,124,0,30,0,0,
2,2,156,0,35,0,0,
2,2,150,0,45,0,0,
1,3,184,0,40,0,0,
2,1,179,0,40,0,0,
2,2,141,298,50,0,0,
3,2,125,124,48,0,0,
1,2,178,0,33,0,0,
2,1,117,0,27,0,0,
1,2,166,389,45,0,0,
3,1,177,0,47,0,0,
2,1,177,467,56,0,0,
1,3,82,0,26,0,0,
1,3,132,307,47,0,0,
3,3,160,312,47,0,0,
1,3,194,612,49,0,0,
3,2,191,200,60,0,0,
1,3,111,0,42,0,0,
1,3,109,0,45,0,0,
2,3,120,430,47,0,0,
2,2,112,0,44,0,0,
2,4,115,0,30,0,0,
2,2,191,0,52,0,0,
2,4,139,352,30,0,0,
3,1,163,0,54,0,0,
2,2,172,380,42,0,0,
1,3,109,0,45,0,0,
3,3,152,0,59,0,0,
2,1,201,0,42,0,0,
3,1,136,114,34,0,0,
2,3,189,569,35,0,0,
1,3,146,378,56,0,1,
3,1,165,540,34,0,0,
1,3,140,0,39,0,0,
2,4,111,0,29,0,0,
2,3,132,0,45,0,1,
2,2,139,204,47,0,0,
2,4,168,0,64,0,0,
1,2,168,382,44,0,0,
2,2,179,480,51,0,0,
2,2,171,0,29,0,0,
3,1,124,116,59,0,0,
2,4,179,0,49,0,0,
3,1,185,179,63,0,1,
2,3,134,0,61,0,0,
2,1,123,0,33,0,0,
3,1,141,0,43,0,0,
2,2,182,0,26,0,0,
2,2,182,268,33,0,0,
1,1,86,94,46,0,0,
2,2,189,262,35,0,0,
2,3,114,0,35,0,0,
1,2,90,0,54,0,0,
1,3,128,281,50,0,0,
2,4,176,0,48,0,0,
3,3,179,94,36,0,0,
2,2,144,263,35,0,0,
3,1,132,0,31,0,0,
1,3,109,0,35,0,0,
2,1,165,0,57,0,0,
3,1,124,0,33,0,0,
1,3,123,0,43,0,0,
2,3,173,0,31,0,1,
2,1,172,0,54,0,0,
1,4,113,0,36,0,0,
3,1,178,0,34,0,0,
2,1,191,0,30,0,0,
2,1,186,0,33,0,0,
2,1,173,0,49,0,0,
3,2,182,0,37,0,1,
3,2,180,0,49,0,0,
1,1,83,0,52,0,0,
2,2,140,0,52,0,0,
1,2,140,0,41,0,0,
3,2,162,418,54,0,0,
2,1,185,179,58,0,1,
2,3,120,164,42,0,0,
2,3,166,233,52,0,1,
2,3,141,0,41,1,0,
2,3,192,0,49,0,0,
1,3,146,0,28,0,0,
2,4,165,0,57,0,0,
3,2,182,0,29,0,0,
2,2,161,426,51,0,1,
1,2,172,319,52,0,0,
1,1,94,167,31,1,0,
3,4,166,0,63,0,0,
1,3,141,0,37,0,1,
3,1,132,0,31,0,0,
1,3,147,483,42,0,0,
2,1,159,276,40,0,0,
1,3,160,439,47,0,0,
2,3,170,235,54,0,0,
2,1,91,0,51,0,0,
1,3,125,81,39,0,0,
2,1,183,586,44,0,0,
1,3,143,0,27,0,0,
1,4,113,0,35,0,0,
2,2,152,0,43,0,0,
3,2,143,0,32,0,0,
2,3,182,0,48,0,0,
2,3,79,0,41,0,0,
2,3,155,0,27,0,0,
2,2,171,0,26,0,0,
2,2,111,0,55,0,0,
3,1,179,0,49,0,0,
2,2,117,206,42,0,0,
2,3,121,0,58,0,0,
1,2,104,0,44,0,0,
2,4,111,0,42,0,0,
2,3,128,254,36,0,0,
2,2,107,117,58,0,0,
2,2,153,0,54,0,0,
3,2,202,0,40,0,0,
1,3,165,434,40,0,1,
2,2,137,0,63,0,0,
2,2,140,259,34,0,0,
3,3,93,0,61,0,0,
1,2,98,0,31,0,0,
3,2,115,0,53,0,0,
1,3,161,212,49,0,0,
1,1,100,0,62,0,0,
3,2,139,0,42,0,0,
2,1,120,0,32,0,0,
2,2,184,0,63,0,0,
3,1,136,96,44,0,0,
2,2,188,262,35,0,0,
3,1,156,0,53,0,0,
2,4,115,0,29,0,0,
2,1,123,0,57,0,0,
3,3,175,0,61,0,0,
2,3,160,110,62,0,0,
2,2,113,118,57,0,0,
2,3,189,0,60,0,0,
3,2,151,357,62,0,0,
2,2,167,475,52,0,0,
1,3,114,374,59,0,0,
1,2,158,211,48,0,0,
1,3,122,153,31,0,0,
1,3,168,313,38,0,0,
2,3,79,0,41,0,0,
1,1,89,91,45,0,0,
1,3,134,193,58,0,0,
3,1,137,111,33,0,0,
2,4,169,0,62,0,0,
2,1,183,0,33,0,0,
2,2,102,81,43,0,0,
1,3,139,292,55,0,0,
1,3,153,415,42,0,0,
2,2,123,0,33,0,0,
2,3,127,427,47,0,0,
3,3,179,0,62,0,0,
2,2,125,0,45,0,0,
2,2,190,0,52,0,0,
3,3,169,100,63,0,0,
2,3,134,0,34,0,0,
2,1,150,371,43,0,0,
2,2,180,372,54,0,0,
2,1,177,467,56,0,0,
2,1,158,0,55,0,0,
2,3,148,0,57,0,0,
2,2,139,0,42,0,0,
2,1,170,538,38,0,0,
2,2,191,0,29,0,0,
2,2,171,0,26,0,0,
3,1,192,203,61,0,0,
1,2,172,0,27,0,0,
3,2,141,0,33,0,0,
2,1,130,0,44,0,0,
3,3,190,124,45,0,0,
3,1,150,369,53,0,0,
1,3,142,0,64,0,0,
2,2,154,0,53,0,0,
1,2,104,0,32,0,1,
2,1,158,0,40,0,0,
2,1,182,262,34,0,0,
2,4,174,0,36,0,1,
2,3,143,0,64,0,0,
2,2,132,0,47,0,0,
1,3,132,0,64,0,0,
2,3,149,0,58,0,0,
2,1,124,164,44,1,0,
2,3,158,0,28,0,0,
2,2,168,0,40,0,0,
3,3,160,409,50,0,0,
1,2,190,0,55,0,0,
2,3,151,0,58,0,0,
3,2,132,0,54,0,0,
3,3,178,0,62,0,0,
2,1,168,0,40,0,0,
1,2,94,331,42,1,0,
1,2,112,0,55,0,0,
2,2,180,0,27,0,0,
3,3,190,303,47,0,0,
2,1,88,0,52,0,0,
1,3,160,289,43,0,0,
1,3,130,86,45,0,0,
3,1,182,582,33,0,0,
1,1,139,176,27,0,0,
2,3,110,0,28,0,0,
3,1,115,0,51,0,0,
2,3,176,290,35,0,0,
3,1,99,149,27,0,0,
1,3,121,301,35,0,0,
2,2,101,0,57,0,0,
1,1,84,99,49,0,0,
2,3,160,409,49,0,0,
1,3,103,0,46,0,0,
1,3,162,219,52,0,0,
1,3,125,0,43,0,0,
3,1,114,0,49,0,0,
3,2,169,245,38,0,0,
2,2,152,0,56,0,0,
2,2,133,423,34,0,0,
1,1,102,284,65,0,0,
2,1,153,0,63,1,1,
2,3,156,0,53,0,0,
3,2,161,250,47,0,0,
1,2,182,0,36,0,0,
2,4,124,0,43,0,0,
1,3,120,0,56,0,0,
3,3,188,238,49,0,0,
2,2,169,324,53,0,0,
2,3,162,0,44,0,1,
2,3,129,0,35,0,1,
2,2,143,262,35,0,0,
1,2,189,588,36,0,0,
2,2,166,0,58,0,0,
2,2,135,303,54,0,0,
3,3,124,431,28,0,0,
3,2,183,581,32,0,0,
1,3,112,0,56,0,0,
1,4,159,0,53,0,0,
2,3,132,0,30,0,0,
2,1,122,0,36,0,0,
2,1,180,177,64,0,1,
2,1,112,0,53,0,0,
1,3,182,0,34,0,0,
3,2,170,242,39,0,0,
2,1,123,0,36,0,0,
1,3,172,0,27,0,0,
2,1,123,0,34,0,0,
2,2,130,120,63,0,0,
2,1,163,0,40,0,0,
2,1,131,0,55,0,0,
3,2,173,393,48,0,0,
2,1,119,0,29,0,0,
2,1,91,0,51,0,0,
2,1,131,0,62,0,0,
2,3,112,0,29,0,0,
2,2,134,90,49,0,0,
1,2,170,0,29,0,0,
2,2,182,370,57,0,0,
2,2,81,0,31,0,0,
1,3,130,0,55,0,0,
3,3,143,358,31,0,0,
2,2,179,0,34,0,0,
2,2,137,191,57,0,0,
2,4,139,352,30,0,0,
1,3,134,284,50,0,0,
3,2,118,210,48,0,0,
3,3,182,0,37,0,0,
1,4,158,0,54,0,0,
2,2,171,0,26,0,0,
2,2,93,0,62,0,0,
2,4,112,326,57,0,0,
2,2,172,0,26,0,0,
3,4,90,0,40,0,0,
2,3,168,429,28,0,1,
2,4,110,113,56,0,0,
3,1,190,0,34,0,0,
1,3,149,0,35,0,0,
2,4,117,0,29,0,0,
2,2,152,0,55,0,0,
1,4,158,299,45,0,0,
2,2,105,0,33,0,0,
3,2,139,0,42,0,0,
1,1,91,89,45,0,0,
1,3,123,0,43,0,0,
2,3,103,115,58,0,0,
1,3,146,381,59,0,0,
3,3,133,0,28,0,0,
1,2,132,307,40,0,0,
2,1,140,0,48,0,0,
3,1,177,0,34,0,0,
1,4,140,198,58,0,0,
1,3,132,193,58,0,0,
2,3,99,327,45,0,0,
3,2,182,0,36,0,0,
2,1,106,0,27,0,0,
1,4,171,0,62,0,1,
1,3,171,567,42,0,0,
3,3,132,0,29,0,0,
1,1,99,363,47,0,0,
2,2,174,231,43,0,1,
1,3,146,233,64,0,0,
2,3,171,295,35,0,0,
1,3,177,287,60,0,1,
2,2,166,0,33,0,0,
2,3,160,406,49,0,0,
1,3,125,304,37,0,0,
1,3,82,0,51,0,0,
1,3,170,0,27,0,0,
1,2,176,308,51,0,0,
3,2,112,0,35,0,0,
2,1,111,0,54,0,0,
2,1,192,0,30,0,0,
2,1,181,229,35,0,1,
3,1,175,0,40,0,0,
2,2,131,209,31,0,0,
2,2,107,0,33,0,0,
2,3,140,0,41,0,0,
3,3,175,0,52,0,0,
2,2,170,0,26,0,0,
1,3,184,0,32,0,0,
2,4,129,0,54,0,0,
2,1,100,261,62,0,0,
2,2,173,537,40,0,0,
3,2,133,80,36,0,0,
1,3,146,0,29,0,0,
2,1,158,276,41,0,0,
2,2,112,211,33,0,0,
2,1,121,0,32,0,0,
1,2,162,406,50,0,0,
1,1,60,132,26,0,0,
2,3,108,301,38,0,1,
2,2,93,0,34,0,0,
2,3,189,0,51,0,0,
3,2,130,0,58,0,0,
2,2,154,0,52,0,0,
1,3,152,478,43,0,0,
2,1,102,150,29,0,0,
3,2,172,108,58,0,0,
2,1,153,0,53,1,0,
2,2,191,0,52,0,0,
2,2,134,91,49,0,0,
3,3,133,0,29,0,0,
3,1,175,0,40,0,0,
3,2,153,0,60,0,0,
3,2,131,0,55,0,0,
2,4,175,0,47,0,0,
2,2,112,0,44,0,0,
2,2,152,0,56,0,0,
2,2,130,0,26,0,0,
2,2,83,0,26,0,0,
1,2,190,0,55,0,0,
2,3,101,81,44,0,0,
2,1,183,0,35,0,0,
1,2,190,0,52,0,0,
2,2,181,0,30,0,0,
3,1,178,0,49,0,0,
2,3,103,0,47,0,0,
1,2,131,0,56,0,0,
2,2,179,0,58,0,0,
3,1,132,0,32,0,0,
3,3,132,0,26,0,0,
3,1,114,0,47,0,0,
3,1,162,0,55,0,0,
2,2,184,354,62,0,0,
2,2,186,593,31,0,0,
2,1,179,570,34,0,0,
2,3,150,0,58,0,0,
3,1,178,0,34,0,0,
2,4,165,313,45,0,0,
2,1,182,0,50,0,0,
2,2,114,0,45,0,0,
2,3,151,0,61,0,0,
3,3,152,0,59,0,0,
1,2,167,387,45,0,0,
1,4,145,0,47,0,0,
1,4,162,300,43,0,0,
1,1,103,0,42,0,0,
2,3,188,126,42,0,0,
3,3,140,0,32,0,1,
2,3,161,456,48,0,0,
1,3,122,305,31,0,1,
2,2,146,348,52,0,0,
3,2,153,361,53,0,1,
1,2,132,93,38,0,0,
2,2,169,0,46,0,1,
2,3,129,0,32,0,0,
2,4,113,0,30,0,0,
2,2,135,0,56,0,0,
2,2,135,0,61,0,0,
2,1,117,0,27,0,0,
2,2,185,299,45,0,0,
1,3,124,303,39,0,0,
3,3,164,0,56,0,0,
1,3,156,427,44,0,0,
2,2,141,209,41,0,0,
3,3,125,431,41,0,0,
1,1,107,166,30,0,0,
2,1,170,0,29,0,0,
2,3,108,147,35,0,0,
2,2,133,93,45,0,0,
1,3,140,0,38,0,0,
2,1,123,0,36,0,0,
2,2,158,249,53,0,0,
2,2,181,0,60,0,0,
1,2,172,298,48,0,0,
2,4,180,0,48,0,0,
3,3,141,0,34,0,0,
1,2,111,0,42,0,0,
1,3,125,0,43,0,0,
2,3,148,0,59,0,0,
1,3,170,0,27,0,0,
1,3,162,431,46,0,1,
1,4,118,375,61,0,0,
3,3,155,0,40,0,0,
1,2,190,0,52,0,0,
2,2,110,0,54,0,0,
2,4,129,0,44,0,0,
3,2,113,0,53,0,0,
2,2,188,0,41,0,0,
2,1,85,147,29,0,0,
3,2,113,249,41,0,0,
2,2,113,0,44,0,0,
3,2,188,120,47,0,0,
1,3,139,353,36,0,0,
3,3,95,0,58,0,0,
2,3,135,109,32,0,1,
2,2,139,0,50,0,0,
2,3,143,0,47,0,0,
2,3,152,0,42,0,0,
2,2,175,589,49,0,0,
2,1,73,149,27,0,0,
2,3,182,340,60,0,0,
2,3,146,348,59,0,1,
3,3,133,0,28,0,0,
2,1,164,0,39,0,0,
3,3,98,0,55,0,0,
2,2,182,0,64,0,0,
3,2,100,149,33,0,0,
2,2,136,0,36,0,0,
2,2,141,0,34,0,0,
2,1,166,0,42,0,0,
3,1,153,0,50,0,0,
2,3,150,0,58,0,0,
3,2,131,0,32,0,0,
2,2,177,0,58,0,0,
2,2,166,423,55,0,0,
3,1,124,0,34,0,0,
2,1,147,367,38,0,0,
2,2,153,253,47,0,0,
1,2,171,0,29,0,0,
2,2,141,0,35,0,1,
1,3,188,185,47,0,0,
2,4,179,0,50,0,0,
1,1,89,298,64,0,0,
2,1,99,258,61,0,0,
2,2,142,297,51,0,0,
1,1,138,0,39,0,0,
1,3,194,613,49,0,0,
1,4,113,0,35,0,0,
2,2,143,0,64,0,0,
2,2,192,0,30,0,0,
2,2,178,400,63,0,0,
2,3,163,316,44,0,0,
3,3,192,208,48,0,0,
2,2,182,581,33,0,0,
3,2,114,0,49,0,0,
2,3,115,0,29,0,0,
2,2,94,0,49,0,0,
2,2,186,0,63,0,0,
2,1,199,0,33,0,0,
2,2,166,0,57,0,0,
2,3,95,325,40,0,0,
3,2,84,0,53,0,0,
3,3,102,348,47,0,0,
2,3,121,431,54,0,0,
1,2,168,382,44,0,0,
2,1,192,0,30,0,0,
2,1,90,0,56,0,0,
2,3,114,0,33,0,0,
3,2,129,0,38,0,0,
2,1,164,0,39,0,0,
2,2,131,0,26,0,0,
2,4,121,0,57,0,0,
2,3,118,0,31,0,0,
1,1,103,0,43,0,0,
2,1,139,0,49,0,0,
2,2,170,325,54,0,0,
2,2,180,0,27,0,0,
3,2,123,0,46,0,0,
2,1,123,0,36,0,0,
2,1,183,569,35,0,0,
2,3,145,0,64,0,0,
2,1,120,0,42,0,0,
3,2,183,581,32,0,0,
1,2,128,304,28,0,0,
2,1,163,0,43,0,1,
2,1,121,0,54,0,0,
2,3,194,587,53,0,0,
2,1,122,0,36,0,0,
3,1,114,0,49,0,0,
3,3,130,0,34,0,0,
2,3,125,242,38,0,1,
2,3,148,0,57,0,0,
2,2,128,0,44,0,0,
2,1,85,0,58,0,0,
2,3,120,430,47,0,0,
3,1,178,0,34,0,0,
3,2,147,0,63,0,0,
3,2,181,530,49,0,0,
2,2,165,0,57,0,0,
2,1,167,272,33,0,0,
3,1,158,0,35,0,1,
2,1,182,549,60,0,0,
1,2,178,0,35,0,0,
2,2,181,0,29,0,0,
2,2,151,0,43,0,0,
3,2,154,0,52,0,0,
3,2,163,0,56,0,0,
3,1,155,0,60,0,0,
1,3,143,209,45,0,0,
1,3,134,0,29,0,0,
2,1,111,0,53,0,0,
3,2,112,205,51,0,0,
3,2,132,0,54,0,0,
2,1,172,538,39,0,0,
1,4,168,316,43,0,0,
3,3,130,76,37,0,0,
1,4,172,428,52,0,0,
2,1,111,0,54,0,0,
1,2,134,0,63,0,0,
3,1,97,147,31,0,0,
2,3,140,0,41,0,0,
1,3,109,0,45,0,0,
1,3,69,0,35,0,0,
2,4,116,0,28,0,0,
3,2,179,0,50,0,0,
2,2,183,445,30,0,0,
3,2,114,0,48,0,0,
1,3,138,0,61,0,0,
2,3,159,0,35,0,0,
1,3,121,0,29,0,1,
2,2,106,0,27,0,0,
2,1,158,0,39,0,1,
2,1,120,0,41,0,0,
2,3,129,0,32,0,1,
2,2,184,0,32,0,0,
2,1,97,295,63,0,0,
2,1,153,0,60,0,0,
1,3,162,223,53,0,0,
1,3,120,335,56,0,0,
1,3,193,0,65,0,0,
2,1,156,0,34,0,0,
1,3,178,596,49,0,0,
2,2,173,327,35,0,0,
1,3,155,0,52,0,0,
2,1,123,0,36,0,0,
3,1,202,0,35,0,0,
1,2,136,0,64,0,0,
2,2,133,0,47,0,0,
2,4,115,0,29,0,0,
2,2,123,0,32,0,0,
2,2,153,0,64,0,0,
2,2,181,0,28,0,0,
2,2,171,0,27,0,0,
1,2,147,0,29,0,0,
1,2,122,0,43,0,0,
2,3,121,0,44,0,0,
1,4,123,0,29,0,0,
2,2,96,0,46,0,0,
3,2,182,0,29,0,0,
2,3,116,0,30,0,0,
3,3,175,96,49,0,0,
2,1,142,0,44,0,0,
1,3,118,159,28,0,0,
2,1,179,0,34,0,0,
2,2,142,209,41,0,0,
2,4,115,0,29,0,0,
1,3,161,400,48,0,0,
2,3,184,238,51,0,0,
3,2,168,249,37,0,0,
2,2,130,97,35,0,0,
1,2,119,0,54,1,0,
3,2,182,0,62,0,0,
1,3,127,305,39,0,0,
2,1,154,0,34,0,0,
1,4,83,0,49,0,0,
3,3,169,121,52,0,0,
1,3,135,0,30,0,1,
2,2,181,0,26,0,0,
3,3,102,0,46,0,0,
2,2,178,554,35,0,0,
2,3,105,298,47,0,0,
2,1,178,0,47,0,0,
2,3,122,251,37,0,1,
2,1,111,0,27,0,0,
2,1,172,90,55,0,0,
2,1,169,560,34,0,0,
2,3,139,448,30,0,0,
3,2,133,86,46,0,0,
1,2,190,0,52,0,0,
2,3,125,0,43,0,0,
2,2,130,0,55,0,0,
3,3,142,0,33,0,0,
1,3,89,0,51,0,0,
3,1,124,110,56,0,0,
3,2,142,0,63,0,0,
2,1,179,589,50,0,0,
1,2,133,212,43,0,0,
2,2,155,0,63,0,0,
2,3,183,345,60,0,0,
2,3,178,296,40,0,0,
2,2,143,209,42,0,0,
2,4,118,331,54,0,0,
2,3,162,0,44,0,1,
2,2,106,0,34,0,0,
3,2,133,0,53,0,0,
2,1,123,0,32,0,0,
2,2,166,0,33,0,0,
2,1,119,0,29,0,0,
2,3,172,159,42,0,0,
1,2,165,391,46,0,0,
2,3,146,441,53,0,0,
3,2,115,0,48,0,0,
2,1,130,0,54,0,0,
1,3,112,0,39,0,1,
1,3,158,0,56,0,0,
2,2,156,0,62,0,0,
2,4,124,0,29,0,0,
2,3,163,234,55,0,1,
1,3,156,426,44,0,0,
3,1,202,0,37,0,0,
3,2,159,249,51,0,1,
2,1,183,550,59,0,0,
2,2,131,0,62,0,0,
2,2,148,256,41,0,0,
2,1,165,0,39,0,0,
3,1,180,0,34,0,0,
1,1,100,0,62,0,0,
3,3,98,0,56,0,0,
2,3,114,0,31,0,0,
2,3,191,0,44,0,0,
1,3,125,0,43,0,0,
1,2,130,209,31,0,0,
2,1,153,0,60,0,1,
2,3,167,310,49,0,0,
3,3,183,137,49,0,0,
2,3,113,0,28,0,0,
1,2,179,0,35,0,0,
1,1,98,0,58,0,0,
2,1,130,0,50,0,0,
3,3,67,224,44,0,0,
2,2,109,254,50,0,1,
2,3,121,166,50,0,0,
2,2,103,0,31,0,0,
2,4,124,0,45,0,0,
2,2,102,0,44,0,0,
2,2,155,252,49,0,0,
1,3,152,478,43,0,0,
3,2,169,104,61,0,0,
2,3,155,0,52,0,0,
2,2,193,0,52,0,0,
3,3,141,0,34,0,0,
2,1,171,245,36,0,0,
3,3,168,111,56,0,0,
2,1,167,0,42,0,0,
2,1,151,0,50,1,0,
3,3,168,405,56,0,0,
2,3,129,0,33,0,1,
2,3,183,0,30,0,0,
1,3,123,0,43,0,0,
3,3,140,0,32,0,1,
1,3,138,0,60,0,0,
3,3,152,0,60,0,0,
3,1,112,157,41,0,0,
1,3,113,0,58,0,0,
2,2,193,0,51,0,0,
2,1,183,0,35,0,0,
3,1,138,103,35,0,0,
2,1,124,0,61,0,0,
2,2,171,0,26,0,0,
2,2,183,581,33,0,0,
2,2,189,244,46,0,0,
2,2,171,0,47,0,0,
2,4,118,0,55,0,0,
3,3,175,0,34,0,0,
1,3,147,373,60,0,1,
1,3,122,0,44,0,0,
2,2,141,0,53,0,0,
1,4,148,0,47,0,0,
2,3,158,0,56,0,0,
2,3,113,0,35,0,0,
2,3,161,311,48,0,0,
3,1,186,588,52,1,0,
2,2,118,0,30,0,0,
2,1,183,575,34,0,0,
2,1,122,0,37,0,0,
2,2,176,0,39,0,0,
1,3,123,0,43,0,0,
2,1,172,0,51,0,0,
2,2,181,0,63,0,0,
2,1,153,0,60,0,0,
2,3,129,0,26,0,0,
1,2,131,0,55,0,0,
3,2,130,221,43,0,0,
3,2,193,0,45,0,0,
2,1,121,0,36,0,0,
3,3,191,195,58,0,0,
1,3,81,0,26,0,0,
1,3,104,0,46,0,0,
2,3,151,0,60,0,0,
1,1,188,0,59,0,0,
1,4,113,0,37,0,0,
1,4,92,0,51,0,1,
2,1,181,588,50,0,0,
1,3,169,311,49,0,0,
2,4,128,77,39,0,0,
1,2,173,0,48,0,0,
2,3,129,0,26,0,0,
1,3,160,290,43,0,0,
1,3,143,210,45,0,0,
2,2,189,267,35,0,0,
2,2,111,0,44,0,0,
2,1,190,0,57,0,0,
2,2,161,0,42,0,1,
1,2,125,0,43,0,0,
2,4,115,0,32,0,0,
1,3,127,83,41,0,0,
2,1,179,0,40,0,0,
3,2,153,351,61,0,0,
2,3,159,0,34,0,1,
2,3,141,0,35,0,1,
2,4,189,0,50,0,0,
2,3,168,452,49,0,0,
1,3,72,0,31,0,0,
2,2,128,0,44,0,0,
2,3,183,0,30,0,0,
2,3,114,0,35,0,0,
1,3,123,150,33,0,0,
2,2,153,0,54,0,0,
3,1,115,0,50,0,0,
3,2,153,0,60,0,1,
2,1,123,0,33,0,0,
2,2,184,358,62,0,0,
2,2,144,357,59,0,0,
3,3,159,0,34,0,1,
2,3,113,0,37,0,0,
2,3,99,146,44,0,0,
2,2,189,264,35,0,0,
2,3,155,0,52,0,0,
3,2,202,0,40,0,0,
2,3,114,0,28,0,0,
2,3,100,120,60,0,0,
3,1,174,155,39,0,0,
2,4,154,0,28,0,0,
1,4,122,0,29,0,0,
2,2,106,0,33,0,0,
2,3,164,313,47,0,0,
3,2,173,162,44,0,0,
2,2,190,0,49,0,0,
3,2,163,419,55,0,0,
2,3,174,344,61,0,1,
1,3,158,0,56,0,0,
3,2,162,417,54,0,0,
3,2,124,0,46,0,0,
2,2,129,223,42,0,1,
3,1,158,0,35,0,1,
2,2,123,168,58,0,0,
1,3,185,0,43,0,0,
2,2,168,0,33,0,0,
2,2,113,0,28,0,0,
2,4,165,0,61,0,0,
3,1,114,0,48,0,0,
3,2,158,0,56,0,0,
2,3,83,0,48,0,0,
2,1,124,0,33,0,0,
1,4,139,198,57,0,0,
1,3,178,142,30,0,0,
2,3,156,421,29,0,0,
